,fips,name,state
0,0,UNITED STATES,
1,1000,ALABAMA,
2,1001,Autauga County,AL
3,1003,Baldwin County,AL
4,1005,Barbour County,AL
5,1007,Bibb County,AL
6,1009,Blount County,AL
7,1011,Bullock County,AL
8,1013,Butler County,AL
9,1015,Calhoun County,AL
10,1017,Chambers County,AL
11,1019,Cherokee County,AL
12,1021,Chilton County,AL
13,1023,Choctaw County,AL
14,1025,Clarke County,AL
15,1027,Clay County,AL
16,1029,Cleburne County,AL
17,1031,Coffee County,AL
18,1033,Colbert County,AL
19,1035,Conecuh County,AL
20,1037,Coosa County,AL
21,1039,Covington County,AL
22,1041,Crenshaw County,AL
23,1043,Cullman County,AL
24,1045,Dale County,AL
25,1047,Dallas County,AL
26,1049,DeKalb County,AL
27,1051,Elmore County,AL
28,1053,Escambia County,AL
29,1055,Etowah County,AL
30,1057,Fayette County,AL
31,1059,Franklin County,AL
32,1061,Geneva County,AL
33,1063,Greene County,AL
34,1065,Hale County,AL
35,1067,Henry County,AL
36,1069,Houston County,AL
37,1071,Jackson County,AL
38,1073,Jefferson County,AL
39,1075,Lamar County,AL
40,1077,Lauderdale County,AL
41,1079,Lawrence County,AL
42,1081,Lee County,AL
43,1083,Limestone County,AL
44,1085,Lowndes County,AL
45,1087,Macon County,AL
46,1089,Madison County,AL
47,1091,Marengo County,AL
48,1093,Marion County,AL
49,1095,Marshall County,AL
50,1097,Mobile County,AL
51,1099,Monroe County,AL
52,1101,Montgomery County,AL
53,1103,Morgan County,AL
54,1105,Perry County,AL
55,1107,Pickens County,AL
56,1109,Pike County,AL
57,1111,Randolph County,AL
58,1113,Russell County,AL
59,1115,St. Clair County,AL
60,1117,Shelby County,AL
61,1119,Sumter County,AL
62,1121,Talladega County,AL
63,1123,Tallapoosa County,AL
64,1125,Tuscaloosa County,AL
65,1127,Walker County,AL
66,1129,Washington County,AL
67,1131,Wilcox County,AL
68,1133,Winston County,AL
69,2000,ALASKA,
70,2013,Aleutians East Borough,AK
71,2016,Aleutians West Census Area,AK
72,2020,Anchorage Municipality,AK
73,2050,Bethel Census Area,AK
74,2060,Bristol Bay Borough,AK
75,2068,Denali Borough,AK
76,2070,Dillingham Census Area,AK
77,2090,Fairbanks North Star Borough,AK
78,2100,Haines Borough,AK
79,2105,Hoonah-Angoon Census Area,AK
80,2110,Juneau City and Borough,AK
81,2122,Kenai Peninsula Borough,AK
82,2130,Ketchikan Gateway Borough,AK
83,2150,Kodiak Island Borough,AK
84,2164,Lake and Peninsula Borough,AK
85,2170,Matanuska-Susitna Borough,AK
86,2180,Nome Census Area,AK
87,2185,North Slope Borough,AK
88,2188,Northwest Arctic Borough,AK
89,2195,Petersburg Borough,AK
90,2198,Prince of Wales-Hyder Census Area,AK
91,2220,Sitka City and Borough,AK
92,2230,Skagway Municipality,AK
93,2240,Southeast Fairbanks Census Area,AK
94,2261,Valdez-Cordova Census Area,AK
95,2270,Wade Hampton Census Area,AK
96,2275,Wrangell City and Borough,AK
97,2282,Yakutat City and Borough,AK
98,2290,Yukon-Koyukuk Census Area,AK
99,4000,ARIZONA,
100,4001,Apache County,AZ
101,4003,Cochise County,AZ
102,4005,Coconino County,AZ
103,4007,Gila County,AZ
104,4009,Graham County,AZ
105,4011,Greenlee County,AZ
106,4012,La Paz County,AZ
107,4013,Maricopa County,AZ
108,4015,Mohave County,AZ
109,4017,Navajo County,AZ
110,4019,Pima County,AZ
111,4021,Pinal County,AZ
112,4023,Santa Cruz County,AZ
113,4025,Yavapai County,AZ
114,4027,Yuma County,AZ
115,5000,ARKANSAS,
116,5001,Arkansas County,AR
117,5003,Ashley County,AR
118,5005,Baxter County,AR
119,5007,Benton County,AR
120,5009,Boone County,AR
121,5011,Bradley County,AR
122,5013,Calhoun County,AR
123,5015,Carroll County,AR
124,5017,Chicot County,AR
125,5019,Clark County,AR
126,5021,Clay County,AR
127,5023,Cleburne County,AR
128,5025,Cleveland County,AR
129,5027,Columbia County,AR
130,5029,Conway County,AR
131,5031,Craighead County,AR
132,5033,Crawford County,AR
133,5035,Crittenden County,AR
134,5037,Cross County,AR
135,5039,Dallas County,AR
136,5041,Desha County,AR
137,5043,Drew County,AR
138,5045,Faulkner County,AR
139,5047,Franklin County,AR
140,5049,Fulton County,AR
141,5051,Garland County,AR
142,5053,Grant County,AR
143,5055,Greene County,AR
144,5057,Hempstead County,AR
145,5059,Hot Spring County,AR
146,5061,Howard County,AR
147,5063,Independence County,AR
148,5065,Izard County,AR
149,5067,Jackson County,AR
150,5069,Jefferson County,AR
151,5071,Johnson County,AR
152,5073,Lafayette County,AR
153,5075,Lawrence County,AR
154,5077,Lee County,AR
155,5079,Lincoln County,AR
156,5081,Little River County,AR
157,5083,Logan County,AR
158,5085,Lonoke County,AR
159,5087,Madison County,AR
160,5089,Marion County,AR
161,5091,Miller County,AR
162,5093,Mississippi County,AR
163,5095,Monroe County,AR
164,5097,Montgomery County,AR
165,5099,Nevada County,AR
166,5101,Newton County,AR
167,5103,Ouachita County,AR
168,5105,Perry County,AR
169,5107,Phillips County,AR
170,5109,Pike County,AR
171,5111,Poinsett County,AR
172,5113,Polk County,AR
173,5115,Pope County,AR
174,5117,Prairie County,AR
175,5119,Pulaski County,AR
176,5121,Randolph County,AR
177,5123,St. Francis County,AR
178,5125,Saline County,AR
179,5127,Scott County,AR
180,5129,Searcy County,AR
181,5131,Sebastian County,AR
182,5133,Sevier County,AR
183,5135,Sharp County,AR
184,5137,Stone County,AR
185,5139,Union County,AR
186,5141,Van Buren County,AR
187,5143,Washington County,AR
188,5145,White County,AR
189,5147,Woodruff County,AR
190,5149,Yell County,AR
191,6000,CALIFORNIA,
192,6001,Alameda County,CA
193,6003,Alpine County,CA
194,6005,Amador County,CA
195,6007,Butte County,CA
196,6009,Calaveras County,CA
197,6011,Colusa County,CA
198,6013,Contra Costa County,CA
199,6015,Del Norte County,CA
200,6017,El Dorado County,CA
201,6019,Fresno County,CA
202,6021,Glenn County,CA
203,6023,Humboldt County,CA
204,6025,Imperial County,CA
205,6027,Inyo County,CA
206,6029,Kern County,CA
207,6031,Kings County,CA
208,6033,Lake County,CA
209,6035,Lassen County,CA
210,6037,Los Angeles County,CA
211,6039,Madera County,CA
212,6041,Marin County,CA
213,6043,Mariposa County,CA
214,6045,Mendocino County,CA
215,6047,Merced County,CA
216,6049,Modoc County,CA
217,6051,Mono County,CA
218,6053,Monterey County,CA
219,6055,Napa County,CA
220,6057,Nevada County,CA
221,6059,Orange County,CA
222,6061,Placer County,CA
223,6063,Plumas County,CA
224,6065,Riverside County,CA
225,6067,Sacramento County,CA
226,6069,San Benito County,CA
227,6071,San Bernardino County,CA
228,6073,San Diego County,CA
229,6075,San Francisco County,CA
230,6077,San Joaquin County,CA
231,6079,San Luis Obispo County,CA
232,6081,San Mateo County,CA
233,6083,Santa Barbara County,CA
234,6085,Santa Clara County,CA
235,6087,Santa Cruz County,CA
236,6089,Shasta County,CA
237,6091,Sierra County,CA
238,6093,Siskiyou County,CA
239,6095,Solano County,CA
240,6097,Sonoma County,CA
241,6099,Stanislaus County,CA
242,6101,Sutter County,CA
243,6103,Tehama County,CA
244,6105,Trinity County,CA
245,6107,Tulare County,CA
246,6109,Tuolumne County,CA
247,6111,Ventura County,CA
248,6113,Yolo County,CA
249,6115,Yuba County,CA
250,8000,COLORADO,
251,8001,Adams County,CO
252,8003,Alamosa County,CO
253,8005,Arapahoe County,CO
254,8007,Archuleta County,CO
255,8009,Baca County,CO
256,8011,Bent County,CO
257,8013,Boulder County,CO
258,8014,Broomfield County,CO
259,8015,Chaffee County,CO
260,8017,Cheyenne County,CO
261,8019,Clear Creek County,CO
262,8021,Conejos County,CO
263,8023,Costilla County,CO
264,8025,Crowley County,CO
265,8027,Custer County,CO
266,8029,Delta County,CO
267,8031,Denver County,CO
268,8033,Dolores County,CO
269,8035,Douglas County,CO
270,8037,Eagle County,CO
271,8039,Elbert County,CO
272,8041,El Paso County,CO
273,8043,Fremont County,CO
274,8045,Garfield County,CO
275,8047,Gilpin County,CO
276,8049,Grand County,CO
277,8051,Gunnison County,CO
278,8053,Hinsdale County,CO
279,8055,Huerfano County,CO
280,8057,Jackson County,CO
281,8059,Jefferson County,CO
282,8061,Kiowa County,CO
283,8063,Kit Carson County,CO
284,8065,Lake County,CO
285,8067,La Plata County,CO
286,8069,Larimer County,CO
287,8071,Las Animas County,CO
288,8073,Lincoln County,CO
289,8075,Logan County,CO
290,8077,Mesa County,CO
291,8079,Mineral County,CO
292,8081,Moffat County,CO
293,8083,Montezuma County,CO
294,8085,Montrose County,CO
295,8087,Morgan County,CO
296,8089,Otero County,CO
297,8091,Ouray County,CO
298,8093,Park County,CO
299,8095,Phillips County,CO
300,8097,Pitkin County,CO
301,8099,Prowers County,CO
302,8101,Pueblo County,CO
303,8103,Rio Blanco County,CO
304,8105,Rio Grande County,CO
305,8107,Routt County,CO
306,8109,Saguache County,CO
307,8111,San Juan County,CO
308,8113,San Miguel County,CO
309,8115,Sedgwick County,CO
310,8117,Summit County,CO
311,8119,Teller County,CO
312,8121,Washington County,CO
313,8123,Weld County,CO
314,8125,Yuma County,CO
315,9000,CONNECTICUT,
316,9001,Fairfield County,CT
317,9003,Hartford County,CT
318,9005,Litchfield County,CT
319,9007,Middlesex County,CT
320,9009,New Haven County,CT
321,9011,New London County,CT
322,9013,Tolland County,CT
323,9015,Windham County,CT
324,10000,DELAWARE,
325,10001,Kent County,DE
326,10003,New Castle County,DE
327,10005,Sussex County,DE
328,11000,DISTRICT OF COLUMBIA,
329,11001,District of Columbia,DC
330,12000,FLORIDA,
331,12001,Alachua County,FL
332,12003,Baker County,FL
333,12005,Bay County,FL
334,12007,Bradford County,FL
335,12009,Brevard County,FL
336,12011,Broward County,FL
337,12013,Calhoun County,FL
338,12015,Charlotte County,FL
339,12017,Citrus County,FL
340,12019,Clay County,FL
341,12021,Collier County,FL
342,12023,Columbia County,FL
343,12027,DeSoto County,FL
344,12029,Dixie County,FL
345,12031,Duval County,FL
346,12033,Escambia County,FL
347,12035,Flagler County,FL
348,12037,Franklin County,FL
349,12039,Gadsden County,FL
350,12041,Gilchrist County,FL
351,12043,Glades County,FL
352,12045,Gulf County,FL
353,12047,Hamilton County,FL
354,12049,Hardee County,FL
355,12051,Hendry County,FL
356,12053,Hernando County,FL
357,12055,Highlands County,FL
358,12057,Hillsborough County,FL
359,12059,Holmes County,FL
360,12061,Indian River County,FL
361,12063,Jackson County,FL
362,12065,Jefferson County,FL
363,12067,Lafayette County,FL
364,12069,Lake County,FL
365,12071,Lee County,FL
366,12073,Leon County,FL
367,12075,Levy County,FL
368,12077,Liberty County,FL
369,12079,Madison County,FL
370,12081,Manatee County,FL
371,12083,Marion County,FL
372,12085,Martin County,FL
373,12086,Miami-Dade County,FL
374,12087,Monroe County,FL
375,12089,Nassau County,FL
376,12091,Okaloosa County,FL
377,12093,Okeechobee County,FL
378,12095,Orange County,FL
379,12097,Osceola County,FL
380,12099,Palm Beach County,FL
381,12101,Pasco County,FL
382,12103,Pinellas County,FL
383,12105,Polk County,FL
384,12107,Putnam County,FL
385,12109,St. Johns County,FL
386,12111,St. Lucie County,FL
387,12113,Santa Rosa County,FL
388,12115,Sarasota County,FL
389,12117,Seminole County,FL
390,12119,Sumter County,FL
391,12121,Suwannee County,FL
392,12123,Taylor County,FL
393,12125,Union County,FL
394,12127,Volusia County,FL
395,12129,Wakulla County,FL
396,12131,Walton County,FL
397,12133,Washington County,FL
398,13000,GEORGIA,
399,13001,Appling County,GA
400,13003,Atkinson County,GA
401,13005,Bacon County,GA
402,13007,Baker County,GA
403,13009,Baldwin County,GA
404,13011,Banks County,GA
405,13013,Barrow County,GA
406,13015,Bartow County,GA
407,13017,Ben Hill County,GA
408,13019,Berrien County,GA
409,13021,Bibb County,GA
410,13023,Bleckley County,GA
411,13025,Brantley County,GA
412,13027,Brooks County,GA
413,13029,Bryan County,GA
414,13031,Bulloch County,GA
415,13033,Burke County,GA
416,13035,Butts County,GA
417,13037,Calhoun County,GA
418,13039,Camden County,GA
419,13043,Candler County,GA
420,13045,Carroll County,GA
421,13047,Catoosa County,GA
422,13049,Charlton County,GA
423,13051,Chatham County,GA
424,13053,Chattahoochee County,GA
425,13055,Chattooga County,GA
426,13057,Cherokee County,GA
427,13059,Clarke County,GA
428,13061,Clay County,GA
429,13063,Clayton County,GA
430,13065,Clinch County,GA
431,13067,Cobb County,GA
432,13069,Coffee County,GA
433,13071,Colquitt County,GA
434,13073,Columbia County,GA
435,13075,Cook County,GA
436,13077,Coweta County,GA
437,13079,Crawford County,GA
438,13081,Crisp County,GA
439,13083,Dade County,GA
440,13085,Dawson County,GA
441,13087,Decatur County,GA
442,13089,DeKalb County,GA
443,13091,Dodge County,GA
444,13093,Dooly County,GA
445,13095,Dougherty County,GA
446,13097,Douglas County,GA
447,13099,Early County,GA
448,13101,Echols County,GA
449,13103,Effingham County,GA
450,13105,Elbert County,GA
451,13107,Emanuel County,GA
452,13109,Evans County,GA
453,13111,Fannin County,GA
454,13113,Fayette County,GA
455,13115,Floyd County,GA
456,13117,Forsyth County,GA
457,13119,Franklin County,GA
458,13121,Fulton County,GA
459,13123,Gilmer County,GA
460,13125,Glascock County,GA
461,13127,Glynn County,GA
462,13129,Gordon County,GA
463,13131,Grady County,GA
464,13133,Greene County,GA
465,13135,Gwinnett County,GA
466,13137,Habersham County,GA
467,13139,Hall County,GA
468,13141,Hancock County,GA
469,13143,Haralson County,GA
470,13145,Harris County,GA
471,13147,Hart County,GA
472,13149,Heard County,GA
473,13151,Henry County,GA
474,13153,Houston County,GA
475,13155,Irwin County,GA
476,13157,Jackson County,GA
477,13159,Jasper County,GA
478,13161,Jeff Davis County,GA
479,13163,Jefferson County,GA
480,13165,Jenkins County,GA
481,13167,Johnson County,GA
482,13169,Jones County,GA
483,13171,Lamar County,GA
484,13173,Lanier County,GA
485,13175,Laurens County,GA
486,13177,Lee County,GA
487,13179,Liberty County,GA
488,13181,Lincoln County,GA
489,13183,Long County,GA
490,13185,Lowndes County,GA
491,13187,Lumpkin County,GA
492,13189,McDuffie County,GA
493,13191,McIntosh County,GA
494,13193,Macon County,GA
495,13195,Madison County,GA
496,13197,Marion County,GA
497,13199,Meriwether County,GA
498,13201,Miller County,GA
499,13205,Mitchell County,GA
500,13207,Monroe County,GA
501,13209,Montgomery County,GA
502,13211,Morgan County,GA
503,13213,Murray County,GA
504,13215,Muscogee County,GA
505,13217,Newton County,GA
506,13219,Oconee County,GA
507,13221,Oglethorpe County,GA
508,13223,Paulding County,GA
509,13225,Peach County,GA
510,13227,Pickens County,GA
511,13229,Pierce County,GA
512,13231,Pike County,GA
513,13233,Polk County,GA
514,13235,Pulaski County,GA
515,13237,Putnam County,GA
516,13239,Quitman County,GA
517,13241,Rabun County,GA
518,13243,Randolph County,GA
519,13245,Richmond County,GA
520,13247,Rockdale County,GA
521,13249,Schley County,GA
522,13251,Screven County,GA
523,13253,Seminole County,GA
524,13255,Spalding County,GA
525,13257,Stephens County,GA
526,13259,Stewart County,GA
527,13261,Sumter County,GA
528,13263,Talbot County,GA
529,13265,Taliaferro County,GA
530,13267,Tattnall County,GA
531,13269,Taylor County,GA
532,13271,Telfair County,GA
533,13273,Terrell County,GA
534,13275,Thomas County,GA
535,13277,Tift County,GA
536,13279,Toombs County,GA
537,13281,Towns County,GA
538,13283,Treutlen County,GA
539,13285,Troup County,GA
540,13287,Turner County,GA
541,13289,Twiggs County,GA
542,13291,Union County,GA
543,13293,Upson County,GA
544,13295,Walker County,GA
545,13297,Walton County,GA
546,13299,Ware County,GA
547,13301,Warren County,GA
548,13303,Washington County,GA
549,13305,Wayne County,GA
550,13307,Webster County,GA
551,13309,Wheeler County,GA
552,13311,White County,GA
553,13313,Whitfield County,GA
554,13315,Wilcox County,GA
555,13317,Wilkes County,GA
556,13319,Wilkinson County,GA
557,13321,Worth County,GA
558,15000,HAWAII,
559,15001,Hawaii County,HI
560,15003,Honolulu County,HI
561,15005,Kalawao County,HI
562,15007,Kauai County,HI
563,15009,Maui County,HI
564,16000,IDAHO,
565,16001,Ada County,ID
566,16003,Adams County,ID
567,16005,Bannock County,ID
568,16007,Bear Lake County,ID
569,16009,Benewah County,ID
570,16011,Bingham County,ID
571,16013,Blaine County,ID
572,16015,Boise County,ID
573,16017,Bonner County,ID
574,16019,Bonneville County,ID
575,16021,Boundary County,ID
576,16023,Butte County,ID
577,16025,Camas County,ID
578,16027,Canyon County,ID
579,16029,Caribou County,ID
580,16031,Cassia County,ID
581,16033,Clark County,ID
582,16035,Clearwater County,ID
583,16037,Custer County,ID
584,16039,Elmore County,ID
585,16041,Franklin County,ID
586,16043,Fremont County,ID
587,16045,Gem County,ID
588,16047,Gooding County,ID
589,16049,Idaho County,ID
590,16051,Jefferson County,ID
591,16053,Jerome County,ID
592,16055,Kootenai County,ID
593,16057,Latah County,ID
594,16059,Lemhi County,ID
595,16061,Lewis County,ID
596,16063,Lincoln County,ID
597,16065,Madison County,ID
598,16067,Minidoka County,ID
599,16069,Nez Perce County,ID
600,16071,Oneida County,ID
601,16073,Owyhee County,ID
602,16075,Payette County,ID
603,16077,Power County,ID
604,16079,Shoshone County,ID
605,16081,Teton County,ID
606,16083,Twin Falls County,ID
607,16085,Valley County,ID
608,16087,Washington County,ID
609,17000,ILLINOIS,
610,17001,Adams County,IL
611,17003,Alexander County,IL
612,17005,Bond County,IL
613,17007,Boone County,IL
614,17009,Brown County,IL
615,17011,Bureau County,IL
616,17013,Calhoun County,IL
617,17015,Carroll County,IL
618,17017,Cass County,IL
619,17019,Champaign County,IL
620,17021,Christian County,IL
621,17023,Clark County,IL
622,17025,Clay County,IL
623,17027,Clinton County,IL
624,17029,Coles County,IL
625,17031,Cook County,IL
626,17033,Crawford County,IL
627,17035,Cumberland County,IL
628,17037,DeKalb County,IL
629,17039,De Witt County,IL
630,17041,Douglas County,IL
631,17043,DuPage County,IL
632,17045,Edgar County,IL
633,17047,Edwards County,IL
634,17049,Effingham County,IL
635,17051,Fayette County,IL
636,17053,Ford County,IL
637,17055,Franklin County,IL
638,17057,Fulton County,IL
639,17059,Gallatin County,IL
640,17061,Greene County,IL
641,17063,Grundy County,IL
642,17065,Hamilton County,IL
643,17067,Hancock County,IL
644,17069,Hardin County,IL
645,17071,Henderson County,IL
646,17073,Henry County,IL
647,17075,Iroquois County,IL
648,17077,Jackson County,IL
649,17079,Jasper County,IL
650,17081,Jefferson County,IL
651,17083,Jersey County,IL
652,17085,Jo Daviess County,IL
653,17087,Johnson County,IL
654,17089,Kane County,IL
655,17091,Kankakee County,IL
656,17093,Kendall County,IL
657,17095,Knox County,IL
658,17097,Lake County,IL
659,17099,LaSalle County,IL
660,17101,Lawrence County,IL
661,17103,Lee County,IL
662,17105,Livingston County,IL
663,17107,Logan County,IL
664,17109,McDonough County,IL
665,17111,McHenry County,IL
666,17113,McLean County,IL
667,17115,Macon County,IL
668,17117,Macoupin County,IL
669,17119,Madison County,IL
670,17121,Marion County,IL
671,17123,Marshall County,IL
672,17125,Mason County,IL
673,17127,Massac County,IL
674,17129,Menard County,IL
675,17131,Mercer County,IL
676,17133,Monroe County,IL
677,17135,Montgomery County,IL
678,17137,Morgan County,IL
679,17139,Moultrie County,IL
680,17141,Ogle County,IL
681,17143,Peoria County,IL
682,17145,Perry County,IL
683,17147,Piatt County,IL
684,17149,Pike County,IL
685,17151,Pope County,IL
686,17153,Pulaski County,IL
687,17155,Putnam County,IL
688,17157,Randolph County,IL
689,17159,Richland County,IL
690,17161,Rock Island County,IL
691,17163,St. Clair County,IL
692,17165,Saline County,IL
693,17167,Sangamon County,IL
694,17169,Schuyler County,IL
695,17171,Scott County,IL
696,17173,Shelby County,IL
697,17175,Stark County,IL
698,17177,Stephenson County,IL
699,17179,Tazewell County,IL
700,17181,Union County,IL
701,17183,Vermilion County,IL
702,17185,Wabash County,IL
703,17187,Warren County,IL
704,17189,Washington County,IL
705,17191,Wayne County,IL
706,17193,White County,IL
707,17195,Whiteside County,IL
708,17197,Will County,IL
709,17199,Williamson County,IL
710,17201,Winnebago County,IL
711,17203,Woodford County,IL
712,18000,INDIANA,
713,18001,Adams County,IN
714,18003,Allen County,IN
715,18005,Bartholomew County,IN
716,18007,Benton County,IN
717,18009,Blackford County,IN
718,18011,Boone County,IN
719,18013,Brown County,IN
720,18015,Carroll County,IN
721,18017,Cass County,IN
722,18019,Clark County,IN
723,18021,Clay County,IN
724,18023,Clinton County,IN
725,18025,Crawford County,IN
726,18027,Daviess County,IN
727,18029,Dearborn County,IN
728,18031,Decatur County,IN
729,18033,DeKalb County,IN
730,18035,Delaware County,IN
731,18037,Dubois County,IN
732,18039,Elkhart County,IN
733,18041,Fayette County,IN
734,18043,Floyd County,IN
735,18045,Fountain County,IN
736,18047,Franklin County,IN
737,18049,Fulton County,IN
738,18051,Gibson County,IN
739,18053,Grant County,IN
740,18055,Greene County,IN
741,18057,Hamilton County,IN
742,18059,Hancock County,IN
743,18061,Harrison County,IN
744,18063,Hendricks County,IN
745,18065,Henry County,IN
746,18067,Howard County,IN
747,18069,Huntington County,IN
748,18071,Jackson County,IN
749,18073,Jasper County,IN
750,18075,Jay County,IN
751,18077,Jefferson County,IN
752,18079,Jennings County,IN
753,18081,Johnson County,IN
754,18083,Knox County,IN
755,18085,Kosciusko County,IN
756,18087,LaGrange County,IN
757,18089,Lake County,IN
758,18091,LaPorte County,IN
759,18093,Lawrence County,IN
760,18095,Madison County,IN
761,18097,Marion County,IN
762,18099,Marshall County,IN
763,18101,Martin County,IN
764,18103,Miami County,IN
765,18105,Monroe County,IN
766,18107,Montgomery County,IN
767,18109,Morgan County,IN
768,18111,Newton County,IN
769,18113,Noble County,IN
770,18115,Ohio County,IN
771,18117,Orange County,IN
772,18119,Owen County,IN
773,18121,Parke County,IN
774,18123,Perry County,IN
775,18125,Pike County,IN
776,18127,Porter County,IN
777,18129,Posey County,IN
778,18131,Pulaski County,IN
779,18133,Putnam County,IN
780,18135,Randolph County,IN
781,18137,Ripley County,IN
782,18139,Rush County,IN
783,18141,St. Joseph County,IN
784,18143,Scott County,IN
785,18145,Shelby County,IN
786,18147,Spencer County,IN
787,18149,Starke County,IN
788,18151,Steuben County,IN
789,18153,Sullivan County,IN
790,18155,Switzerland County,IN
791,18157,Tippecanoe County,IN
792,18159,Tipton County,IN
793,18161,Union County,IN
794,18163,Vanderburgh County,IN
795,18165,Vermillion County,IN
796,18167,Vigo County,IN
797,18169,Wabash County,IN
798,18171,Warren County,IN
799,18173,Warrick County,IN
800,18175,Washington County,IN
801,18177,Wayne County,IN
802,18179,Wells County,IN
803,18181,White County,IN
804,18183,Whitley County,IN
805,19000,IOWA,
806,19001,Adair County,IA
807,19003,Adams County,IA
808,19005,Allamakee County,IA
809,19007,Appanoose County,IA
810,19009,Audubon County,IA
811,19011,Benton County,IA
812,19013,Black Hawk County,IA
813,19015,Boone County,IA
814,19017,Bremer County,IA
815,19019,Buchanan County,IA
816,19021,Buena Vista County,IA
817,19023,Butler County,IA
818,19025,Calhoun County,IA
819,19027,Carroll County,IA
820,19029,Cass County,IA
821,19031,Cedar County,IA
822,19033,Cerro Gordo County,IA
823,19035,Cherokee County,IA
824,19037,Chickasaw County,IA
825,19039,Clarke County,IA
826,19041,Clay County,IA
827,19043,Clayton County,IA
828,19045,Clinton County,IA
829,19047,Crawford County,IA
830,19049,Dallas County,IA
831,19051,Davis County,IA
832,19053,Decatur County,IA
833,19055,Delaware County,IA
834,19057,Des Moines County,IA
835,19059,Dickinson County,IA
836,19061,Dubuque County,IA
837,19063,Emmet County,IA
838,19065,Fayette County,IA
839,19067,Floyd County,IA
840,19069,Franklin County,IA
841,19071,Fremont County,IA
842,19073,Greene County,IA
843,19075,Grundy County,IA
844,19077,Guthrie County,IA
845,19079,Hamilton County,IA
846,19081,Hancock County,IA
847,19083,Hardin County,IA
848,19085,Harrison County,IA
849,19087,Henry County,IA
850,19089,Howard County,IA
851,19091,Humboldt County,IA
852,19093,Ida County,IA
853,19095,Iowa County,IA
854,19097,Jackson County,IA
855,19099,Jasper County,IA
856,19101,Jefferson County,IA
857,19103,Johnson County,IA
858,19105,Jones County,IA
859,19107,Keokuk County,IA
860,19109,Kossuth County,IA
861,19111,Lee County,IA
862,19113,Linn County,IA
863,19115,Louisa County,IA
864,19117,Lucas County,IA
865,19119,Lyon County,IA
866,19121,Madison County,IA
867,19123,Mahaska County,IA
868,19125,Marion County,IA
869,19127,Marshall County,IA
870,19129,Mills County,IA
871,19131,Mitchell County,IA
872,19133,Monona County,IA
873,19135,Monroe County,IA
874,19137,Montgomery County,IA
875,19139,Muscatine County,IA
876,19141,O'Brien County,IA
877,19143,Osceola County,IA
878,19145,Page County,IA
879,19147,Palo Alto County,IA
880,19149,Plymouth County,IA
881,19151,Pocahontas County,IA
882,19153,Polk County,IA
883,19155,Pottawattamie County,IA
884,19157,Poweshiek County,IA
885,19159,Ringgold County,IA
886,19161,Sac County,IA
887,19163,Scott County,IA
888,19165,Shelby County,IA
889,19167,Sioux County,IA
890,19169,Story County,IA
891,19171,Tama County,IA
892,19173,Taylor County,IA
893,19175,Union County,IA
894,19177,Van Buren County,IA
895,19179,Wapello County,IA
896,19181,Warren County,IA
897,19183,Washington County,IA
898,19185,Wayne County,IA
899,19187,Webster County,IA
900,19189,Winnebago County,IA
901,19191,Winneshiek County,IA
902,19193,Woodbury County,IA
903,19195,Worth County,IA
904,19197,Wright County,IA
905,20000,KANSAS,
906,20001,Allen County,KS
907,20003,Anderson County,KS
908,20005,Atchison County,KS
909,20007,Barber County,KS
910,20009,Barton County,KS
911,20011,Bourbon County,KS
912,20013,Brown County,KS
913,20015,Butler County,KS
914,20017,Chase County,KS
915,20019,Chautauqua County,KS
916,20021,Cherokee County,KS
917,20023,Cheyenne County,KS
918,20025,Clark County,KS
919,20027,Clay County,KS
920,20029,Cloud County,KS
921,20031,Coffey County,KS
922,20033,Comanche County,KS
923,20035,Cowley County,KS
924,20037,Crawford County,KS
925,20039,Decatur County,KS
926,20041,Dickinson County,KS
927,20043,Doniphan County,KS
928,20045,Douglas County,KS
929,20047,Edwards County,KS
930,20049,Elk County,KS
931,20051,Ellis County,KS
932,20053,Ellsworth County,KS
933,20055,Finney County,KS
934,20057,Ford County,KS
935,20059,Franklin County,KS
936,20061,Geary County,KS
937,20063,Gove County,KS
938,20065,Graham County,KS
939,20067,Grant County,KS
940,20069,Gray County,KS
941,20071,Greeley County,KS
942,20073,Greenwood County,KS
943,20075,Hamilton County,KS
944,20077,Harper County,KS
945,20079,Harvey County,KS
946,20081,Haskell County,KS
947,20083,Hodgeman County,KS
948,20085,Jackson County,KS
949,20087,Jefferson County,KS
950,20089,Jewell County,KS
951,20091,Johnson County,KS
952,20093,Kearny County,KS
953,20095,Kingman County,KS
954,20097,Kiowa County,KS
955,20099,Labette County,KS
956,20101,Lane County,KS
957,20103,Leavenworth County,KS
958,20105,Lincoln County,KS
959,20107,Linn County,KS
960,20109,Logan County,KS
961,20111,Lyon County,KS
962,20113,McPherson County,KS
963,20115,Marion County,KS
964,20117,Marshall County,KS
965,20119,Meade County,KS
966,20121,Miami County,KS
967,20123,Mitchell County,KS
968,20125,Montgomery County,KS
969,20127,Morris County,KS
970,20129,Morton County,KS
971,20131,Nemaha County,KS
972,20133,Neosho County,KS
973,20135,Ness County,KS
974,20137,Norton County,KS
975,20139,Osage County,KS
976,20141,Osborne County,KS
977,20143,Ottawa County,KS
978,20145,Pawnee County,KS
979,20147,Phillips County,KS
980,20149,Pottawatomie County,KS
981,20151,Pratt County,KS
982,20153,Rawlins County,KS
983,20155,Reno County,KS
984,20157,Republic County,KS
985,20159,Rice County,KS
986,20161,Riley County,KS
987,20163,Rooks County,KS
988,20165,Rush County,KS
989,20167,Russell County,KS
990,20169,Saline County,KS
991,20171,Scott County,KS
992,20173,Sedgwick County,KS
993,20175,Seward County,KS
994,20177,Shawnee County,KS
995,20179,Sheridan County,KS
996,20181,Sherman County,KS
997,20183,Smith County,KS
998,20185,Stafford County,KS
999,20187,Stanton County,KS
1000,20189,Stevens County,KS
1001,20191,Sumner County,KS
1002,20193,Thomas County,KS
1003,20195,Trego County,KS
1004,20197,Wabaunsee County,KS
1005,20199,Wallace County,KS
1006,20201,Washington County,KS
1007,20203,Wichita County,KS
1008,20205,Wilson County,KS
1009,20207,Woodson County,KS
1010,20209,Wyandotte County,KS
1011,21000,KENTUCKY,
1012,21001,Adair County,KY
1013,21003,Allen County,KY
1014,21005,Anderson County,KY
1015,21007,Ballard County,KY
1016,21009,Barren County,KY
1017,21011,Bath County,KY
1018,21013,Bell County,KY
1019,21015,Boone County,KY
1020,21017,Bourbon County,KY
1021,21019,Boyd County,KY
1022,21021,Boyle County,KY
1023,21023,Bracken County,KY
1024,21025,Breathitt County,KY
1025,21027,Breckinridge County,KY
1026,21029,Bullitt County,KY
1027,21031,Butler County,KY
1028,21033,Caldwell County,KY
1029,21035,Calloway County,KY
1030,21037,Campbell County,KY
1031,21039,Carlisle County,KY
1032,21041,Carroll County,KY
1033,21043,Carter County,KY
1034,21045,Casey County,KY
1035,21047,Christian County,KY
1036,21049,Clark County,KY
1037,21051,Clay County,KY
1038,21053,Clinton County,KY
1039,21055,Crittenden County,KY
1040,21057,Cumberland County,KY
1041,21059,Daviess County,KY
1042,21061,Edmonson County,KY
1043,21063,Elliott County,KY
1044,21065,Estill County,KY
1045,21067,Fayette County,KY
1046,21069,Fleming County,KY
1047,21071,Floyd County,KY
1048,21073,Franklin County,KY
1049,21075,Fulton County,KY
1050,21077,Gallatin County,KY
1051,21079,Garrard County,KY
1052,21081,Grant County,KY
1053,21083,Graves County,KY
1054,21085,Grayson County,KY
1055,21087,Green County,KY
1056,21089,Greenup County,KY
1057,21091,Hancock County,KY
1058,21093,Hardin County,KY
1059,21095,Harlan County,KY
1060,21097,Harrison County,KY
1061,21099,Hart County,KY
1062,21101,Henderson County,KY
1063,21103,Henry County,KY
1064,21105,Hickman County,KY
1065,21107,Hopkins County,KY
1066,21109,Jackson County,KY
1067,21111,Jefferson County,KY
1068,21113,Jessamine County,KY
1069,21115,Johnson County,KY
1070,21117,Kenton County,KY
1071,21119,Knott County,KY
1072,21121,Knox County,KY
1073,21123,Larue County,KY
1074,21125,Laurel County,KY
1075,21127,Lawrence County,KY
1076,21129,Lee County,KY
1077,21131,Leslie County,KY
1078,21133,Letcher County,KY
1079,21135,Lewis County,KY
1080,21137,Lincoln County,KY
1081,21139,Livingston County,KY
1082,21141,Logan County,KY
1083,21143,Lyon County,KY
1084,21145,McCracken County,KY
1085,21147,McCreary County,KY
1086,21149,McLean County,KY
1087,21151,Madison County,KY
1088,21153,Magoffin County,KY
1089,21155,Marion County,KY
1090,21157,Marshall County,KY
1091,21159,Martin County,KY
1092,21161,Mason County,KY
1093,21163,Meade County,KY
1094,21165,Menifee County,KY
1095,21167,Mercer County,KY
1096,21169,Metcalfe County,KY
1097,21171,Monroe County,KY
1098,21173,Montgomery County,KY
1099,21175,Morgan County,KY
1100,21177,Muhlenberg County,KY
1101,21179,Nelson County,KY
1102,21181,Nicholas County,KY
1103,21183,Ohio County,KY
1104,21185,Oldham County,KY
1105,21187,Owen County,KY
1106,21189,Owsley County,KY
1107,21191,Pendleton County,KY
1108,21193,Perry County,KY
1109,21195,Pike County,KY
1110,21197,Powell County,KY
1111,21199,Pulaski County,KY
1112,21201,Robertson County,KY
1113,21203,Rockcastle County,KY
1114,21205,Rowan County,KY
1115,21207,Russell County,KY
1116,21209,Scott County,KY
1117,21211,Shelby County,KY
1118,21213,Simpson County,KY
1119,21215,Spencer County,KY
1120,21217,Taylor County,KY
1121,21219,Todd County,KY
1122,21221,Trigg County,KY
1123,21223,Trimble County,KY
1124,21225,Union County,KY
1125,21227,Warren County,KY
1126,21229,Washington County,KY
1127,21231,Wayne County,KY
1128,21233,Webster County,KY
1129,21235,Whitley County,KY
1130,21237,Wolfe County,KY
1131,21239,Woodford County,KY
1132,22000,LOUISIANA,
1133,22001,Acadia Parish,LA
1134,22003,Allen Parish,LA
1135,22005,Ascension Parish,LA
1136,22007,Assumption Parish,LA
1137,22009,Avoyelles Parish,LA
1138,22011,Beauregard Parish,LA
1139,22013,Bienville Parish,LA
1140,22015,Bossier Parish,LA
1141,22017,Caddo Parish,LA
1142,22019,Calcasieu Parish,LA
1143,22021,Caldwell Parish,LA
1144,22023,Cameron Parish,LA
1145,22025,Catahoula Parish,LA
1146,22027,Claiborne Parish,LA
1147,22029,Concordia Parish,LA
1148,22031,De Soto Parish,LA
1149,22033,East Baton Rouge Parish,LA
1150,22035,East Carroll Parish,LA
1151,22037,East Feliciana Parish,LA
1152,22039,Evangeline Parish,LA
1153,22041,Franklin Parish,LA
1154,22043,Grant Parish,LA
1155,22045,Iberia Parish,LA
1156,22047,Iberville Parish,LA
1157,22049,Jackson Parish,LA
1158,22051,Jefferson Parish,LA
1159,22053,Jefferson Davis Parish,LA
1160,22055,Lafayette Parish,LA
1161,22057,Lafourche Parish,LA
1162,22059,La Salle Parish,LA
1163,22061,Lincoln Parish,LA
1164,22063,Livingston Parish,LA
1165,22065,Madison Parish,LA
1166,22067,Morehouse Parish,LA
1167,22069,Natchitoches Parish,LA
1168,22071,Orleans Parish,LA
1169,22073,Ouachita Parish,LA
1170,22075,Plaquemines Parish,LA
1171,22077,Pointe Coupee Parish,LA
1172,22079,Rapides Parish,LA
1173,22081,Red River Parish,LA
1174,22083,Richland Parish,LA
1175,22085,Sabine Parish,LA
1176,22087,St. Bernard Parish,LA
1177,22089,St. Charles Parish,LA
1178,22091,St. Helena Parish,LA
1179,22093,St. James Parish,LA
1180,22095,St. John the Baptist Parish,LA
1181,22097,St. Landry Parish,LA
1182,22099,St. Martin Parish,LA
1183,22101,St. Mary Parish,LA
1184,22103,St. Tammany Parish,LA
1185,22105,Tangipahoa Parish,LA
1186,22107,Tensas Parish,LA
1187,22109,Terrebonne Parish,LA
1188,22111,Union Parish,LA
1189,22113,Vermilion Parish,LA
1190,22115,Vernon Parish,LA
1191,22117,Washington Parish,LA
1192,22119,Webster Parish,LA
1193,22121,West Baton Rouge Parish,LA
1194,22123,West Carroll Parish,LA
1195,22125,West Feliciana Parish,LA
1196,22127,Winn Parish,LA
1197,23000,MAINE,
1198,23001,Androscoggin County,ME
1199,23003,Aroostook County,ME
1200,23005,Cumberland County,ME
1201,23007,Franklin County,ME
1202,23009,Hancock County,ME
1203,23011,Kennebec County,ME
1204,23013,Knox County,ME
1205,23015,Lincoln County,ME
1206,23017,Oxford County,ME
1207,23019,Penobscot County,ME
1208,23021,Piscataquis County,ME
1209,23023,Sagadahoc County,ME
1210,23025,Somerset County,ME
1211,23027,Waldo County,ME
1212,23029,Washington County,ME
1213,23031,York County,ME
1214,24000,MARYLAND,
1215,24001,Allegany County,MD
1216,24003,Anne Arundel County,MD
1217,24005,Baltimore County,MD
1218,24009,Calvert County,MD
1219,24011,Caroline County,MD
1220,24013,Carroll County,MD
1221,24015,Cecil County,MD
1222,24017,Charles County,MD
1223,24019,Dorchester County,MD
1224,24021,Frederick County,MD
1225,24023,Garrett County,MD
1226,24025,Harford County,MD
1227,24027,Howard County,MD
1228,24029,Kent County,MD
1229,24031,Montgomery County,MD
1230,24033,Prince George's County,MD
1231,24035,Queen Anne's County,MD
1232,24037,St. Mary's County,MD
1233,24039,Somerset County,MD
1234,24041,Talbot County,MD
1235,24043,Washington County,MD
1236,24045,Wicomico County,MD
1237,24047,Worcester County,MD
1238,24510,Baltimore city,MD
1239,25000,MASSACHUSETTS,
1240,25001,Barnstable County,MA
1241,25003,Berkshire County,MA
1242,25005,Bristol County,MA
1243,25007,Dukes County,MA
1244,25009,Essex County,MA
1245,25011,Franklin County,MA
1246,25013,Hampden County,MA
1247,25015,Hampshire County,MA
1248,25017,Middlesex County,MA
1249,25019,Nantucket County,MA
1250,25021,Norfolk County,MA
1251,25023,Plymouth County,MA
1252,25025,Suffolk County,MA
1253,25027,Worcester County,MA
1254,26000,MICHIGAN,
1255,26001,Alcona County,MI
1256,26003,Alger County,MI
1257,26005,Allegan County,MI
1258,26007,Alpena County,MI
1259,26009,Antrim County,MI
1260,26011,Arenac County,MI
1261,26013,Baraga County,MI
1262,26015,Barry County,MI
1263,26017,Bay County,MI
1264,26019,Benzie County,MI
1265,26021,Berrien County,MI
1266,26023,Branch County,MI
1267,26025,Calhoun County,MI
1268,26027,Cass County,MI
1269,26029,Charlevoix County,MI
1270,26031,Cheboygan County,MI
1271,26033,Chippewa County,MI
1272,26035,Clare County,MI
1273,26037,Clinton County,MI
1274,26039,Crawford County,MI
1275,26041,Delta County,MI
1276,26043,Dickinson County,MI
1277,26045,Eaton County,MI
1278,26047,Emmet County,MI
1279,26049,Genesee County,MI
1280,26051,Gladwin County,MI
1281,26053,Gogebic County,MI
1282,26055,Grand Traverse County,MI
1283,26057,Gratiot County,MI
1284,26059,Hillsdale County,MI
1285,26061,Houghton County,MI
1286,26063,Huron County,MI
1287,26065,Ingham County,MI
1288,26067,Ionia County,MI
1289,26069,Iosco County,MI
1290,26071,Iron County,MI
1291,26073,Isabella County,MI
1292,26075,Jackson County,MI
1293,26077,Kalamazoo County,MI
1294,26079,Kalkaska County,MI
1295,26081,Kent County,MI
1296,26083,Keweenaw County,MI
1297,26085,Lake County,MI
1298,26087,Lapeer County,MI
1299,26089,Leelanau County,MI
1300,26091,Lenawee County,MI
1301,26093,Livingston County,MI
1302,26095,Luce County,MI
1303,26097,Mackinac County,MI
1304,26099,Macomb County,MI
1305,26101,Manistee County,MI
1306,26103,Marquette County,MI
1307,26105,Mason County,MI
1308,26107,Mecosta County,MI
1309,26109,Menominee County,MI
1310,26111,Midland County,MI
1311,26113,Missaukee County,MI
1312,26115,Monroe County,MI
1313,26117,Montcalm County,MI
1314,26119,Montmorency County,MI
1315,26121,Muskegon County,MI
1316,26123,Newaygo County,MI
1317,26125,Oakland County,MI
1318,26127,Oceana County,MI
1319,26129,Ogemaw County,MI
1320,26131,Ontonagon County,MI
1321,26133,Osceola County,MI
1322,26135,Oscoda County,MI
1323,26137,Otsego County,MI
1324,26139,Ottawa County,MI
1325,26141,Presque Isle County,MI
1326,26143,Roscommon County,MI
1327,26145,Saginaw County,MI
1328,26147,St. Clair County,MI
1329,26149,St. Joseph County,MI
1330,26151,Sanilac County,MI
1331,26153,Schoolcraft County,MI
1332,26155,Shiawassee County,MI
1333,26157,Tuscola County,MI
1334,26159,Van Buren County,MI
1335,26161,Washtenaw County,MI
1336,26163,Wayne County,MI
1337,26165,Wexford County,MI
1338,27000,MINNESOTA,
1339,27001,Aitkin County,MN
1340,27003,Anoka County,MN
1341,27005,Becker County,MN
1342,27007,Beltrami County,MN
1343,27009,Benton County,MN
1344,27011,Big Stone County,MN
1345,27013,Blue Earth County,MN
1346,27015,Brown County,MN
1347,27017,Carlton County,MN
1348,27019,Carver County,MN
1349,27021,Cass County,MN
1350,27023,Chippewa County,MN
1351,27025,Chisago County,MN
1352,27027,Clay County,MN
1353,27029,Clearwater County,MN
1354,27031,Cook County,MN
1355,27033,Cottonwood County,MN
1356,27035,Crow Wing County,MN
1357,27037,Dakota County,MN
1358,27039,Dodge County,MN
1359,27041,Douglas County,MN
1360,27043,Faribault County,MN
1361,27045,Fillmore County,MN
1362,27047,Freeborn County,MN
1363,27049,Goodhue County,MN
1364,27051,Grant County,MN
1365,27053,Hennepin County,MN
1366,27055,Houston County,MN
1367,27057,Hubbard County,MN
1368,27059,Isanti County,MN
1369,27061,Itasca County,MN
1370,27063,Jackson County,MN
1371,27065,Kanabec County,MN
1372,27067,Kandiyohi County,MN
1373,27069,Kittson County,MN
1374,27071,Koochiching County,MN
1375,27073,Lac qui Parle County,MN
1376,27075,Lake County,MN
1377,27077,Lake of the Woods County,MN
1378,27079,Le Sueur County,MN
1379,27081,Lincoln County,MN
1380,27083,Lyon County,MN
1381,27085,McLeod County,MN
1382,27087,Mahnomen County,MN
1383,27089,Marshall County,MN
1384,27091,Martin County,MN
1385,27093,Meeker County,MN
1386,27095,Mille Lacs County,MN
1387,27097,Morrison County,MN
1388,27099,Mower County,MN
1389,27101,Murray County,MN
1390,27103,Nicollet County,MN
1391,27105,Nobles County,MN
1392,27107,Norman County,MN
1393,27109,Olmsted County,MN
1394,27111,Otter Tail County,MN
1395,27113,Pennington County,MN
1396,27115,Pine County,MN
1397,27117,Pipestone County,MN
1398,27119,Polk County,MN
1399,27121,Pope County,MN
1400,27123,Ramsey County,MN
1401,27125,Red Lake County,MN
1402,27127,Redwood County,MN
1403,27129,Renville County,MN
1404,27131,Rice County,MN
1405,27133,Rock County,MN
1406,27135,Roseau County,MN
1407,27137,St. Louis County,MN
1408,27139,Scott County,MN
1409,27141,Sherburne County,MN
1410,27143,Sibley County,MN
1411,27145,Stearns County,MN
1412,27147,Steele County,MN
1413,27149,Stevens County,MN
1414,27151,Swift County,MN
1415,27153,Todd County,MN
1416,27155,Traverse County,MN
1417,27157,Wabasha County,MN
1418,27159,Wadena County,MN
1419,27161,Waseca County,MN
1420,27163,Washington County,MN
1421,27165,Watonwan County,MN
1422,27167,Wilkin County,MN
1423,27169,Winona County,MN
1424,27171,Wright County,MN
1425,27173,Yellow Medicine County,MN
1426,28000,MISSISSIPPI,
1427,28001,Adams County,MS
1428,28003,Alcorn County,MS
1429,28005,Amite County,MS
1430,28007,Attala County,MS
1431,28009,Benton County,MS
1432,28011,Bolivar County,MS
1433,28013,Calhoun County,MS
1434,28015,Carroll County,MS
1435,28017,Chickasaw County,MS
1436,28019,Choctaw County,MS
1437,28021,Claiborne County,MS
1438,28023,Clarke County,MS
1439,28025,Clay County,MS
1440,28027,Coahoma County,MS
1441,28029,Copiah County,MS
1442,28031,Covington County,MS
1443,28033,DeSoto County,MS
1444,28035,Forrest County,MS
1445,28037,Franklin County,MS
1446,28039,George County,MS
1447,28041,Greene County,MS
1448,28043,Grenada County,MS
1449,28045,Hancock County,MS
1450,28047,Harrison County,MS
1451,28049,Hinds County,MS
1452,28051,Holmes County,MS
1453,28053,Humphreys County,MS
1454,28055,Issaquena County,MS
1455,28057,Itawamba County,MS
1456,28059,Jackson County,MS
1457,28061,Jasper County,MS
1458,28063,Jefferson County,MS
1459,28065,Jefferson Davis County,MS
1460,28067,Jones County,MS
1461,28069,Kemper County,MS
1462,28071,Lafayette County,MS
1463,28073,Lamar County,MS
1464,28075,Lauderdale County,MS
1465,28077,Lawrence County,MS
1466,28079,Leake County,MS
1467,28081,Lee County,MS
1468,28083,Leflore County,MS
1469,28085,Lincoln County,MS
1470,28087,Lowndes County,MS
1471,28089,Madison County,MS
1472,28091,Marion County,MS
1473,28093,Marshall County,MS
1474,28095,Monroe County,MS
1475,28097,Montgomery County,MS
1476,28099,Neshoba County,MS
1477,28101,Newton County,MS
1478,28103,Noxubee County,MS
1479,28105,Oktibbeha County,MS
1480,28107,Panola County,MS
1481,28109,Pearl River County,MS
1482,28111,Perry County,MS
1483,28113,Pike County,MS
1484,28115,Pontotoc County,MS
1485,28117,Prentiss County,MS
1486,28119,Quitman County,MS
1487,28121,Rankin County,MS
1488,28123,Scott County,MS
1489,28125,Sharkey County,MS
1490,28127,Simpson County,MS
1491,28129,Smith County,MS
1492,28131,Stone County,MS
1493,28133,Sunflower County,MS
1494,28135,Tallahatchie County,MS
1495,28137,Tate County,MS
1496,28139,Tippah County,MS
1497,28141,Tishomingo County,MS
1498,28143,Tunica County,MS
1499,28145,Union County,MS
1500,28147,Walthall County,MS
1501,28149,Warren County,MS
1502,28151,Washington County,MS
1503,28153,Wayne County,MS
1504,28155,Webster County,MS
1505,28157,Wilkinson County,MS
1506,28159,Winston County,MS
1507,28161,Yalobusha County,MS
1508,28163,Yazoo County,MS
1509,29000,MISSOURI,
1510,29001,Adair County,MO
1511,29003,Andrew County,MO
1512,29005,Atchison County,MO
1513,29007,Audrain County,MO
1514,29009,Barry County,MO
1515,29011,Barton County,MO
1516,29013,Bates County,MO
1517,29015,Benton County,MO
1518,29017,Bollinger County,MO
1519,29019,Boone County,MO
1520,29021,Buchanan County,MO
1521,29023,Butler County,MO
1522,29025,Caldwell County,MO
1523,29027,Callaway County,MO
1524,29029,Camden County,MO
1525,29031,Cape Girardeau County,MO
1526,29033,Carroll County,MO
1527,29035,Carter County,MO
1528,29037,Cass County,MO
1529,29039,Cedar County,MO
1530,29041,Chariton County,MO
1531,29043,Christian County,MO
1532,29045,Clark County,MO
1533,29047,Clay County,MO
1534,29049,Clinton County,MO
1535,29051,Cole County,MO
1536,29053,Cooper County,MO
1537,29055,Crawford County,MO
1538,29057,Dade County,MO
1539,29059,Dallas County,MO
1540,29061,Daviess County,MO
1541,29063,DeKalb County,MO
1542,29065,Dent County,MO
1543,29067,Douglas County,MO
1544,29069,Dunklin County,MO
1545,29071,Franklin County,MO
1546,29073,Gasconade County,MO
1547,29075,Gentry County,MO
1548,29077,Greene County,MO
1549,29079,Grundy County,MO
1550,29081,Harrison County,MO
1551,29083,Henry County,MO
1552,29085,Hickory County,MO
1553,29087,Holt County,MO
1554,29089,Howard County,MO
1555,29091,Howell County,MO
1556,29093,Iron County,MO
1557,29095,Jackson County,MO
1558,29097,Jasper County,MO
1559,29099,Jefferson County,MO
1560,29101,Johnson County,MO
1561,29103,Knox County,MO
1562,29105,Laclede County,MO
1563,29107,Lafayette County,MO
1564,29109,Lawrence County,MO
1565,29111,Lewis County,MO
1566,29113,Lincoln County,MO
1567,29115,Linn County,MO
1568,29117,Livingston County,MO
1569,29119,McDonald County,MO
1570,29121,Macon County,MO
1571,29123,Madison County,MO
1572,29125,Maries County,MO
1573,29127,Marion County,MO
1574,29129,Mercer County,MO
1575,29131,Miller County,MO
1576,29133,Mississippi County,MO
1577,29135,Moniteau County,MO
1578,29137,Monroe County,MO
1579,29139,Montgomery County,MO
1580,29141,Morgan County,MO
1581,29143,New Madrid County,MO
1582,29145,Newton County,MO
1583,29147,Nodaway County,MO
1584,29149,Oregon County,MO
1585,29151,Osage County,MO
1586,29153,Ozark County,MO
1587,29155,Pemiscot County,MO
1588,29157,Perry County,MO
1589,29159,Pettis County,MO
1590,29161,Phelps County,MO
1591,29163,Pike County,MO
1592,29165,Platte County,MO
1593,29167,Polk County,MO
1594,29169,Pulaski County,MO
1595,29171,Putnam County,MO
1596,29173,Ralls County,MO
1597,29175,Randolph County,MO
1598,29177,Ray County,MO
1599,29179,Reynolds County,MO
1600,29181,Ripley County,MO
1601,29183,St. Charles County,MO
1602,29185,St. Clair County,MO
1603,29186,Ste. Genevieve County,MO
1604,29187,St. Francois County,MO
1605,29189,St. Louis County,MO
1606,29195,Saline County,MO
1607,29197,Schuyler County,MO
1608,29199,Scotland County,MO
1609,29201,Scott County,MO
1610,29203,Shannon County,MO
1611,29205,Shelby County,MO
1612,29207,Stoddard County,MO
1613,29209,Stone County,MO
1614,29211,Sullivan County,MO
1615,29213,Taney County,MO
1616,29215,Texas County,MO
1617,29217,Vernon County,MO
1618,29219,Warren County,MO
1619,29221,Washington County,MO
1620,29223,Wayne County,MO
1621,29225,Webster County,MO
1622,29227,Worth County,MO
1623,29229,Wright County,MO
1624,29510,St. Louis city,MO
1625,30000,MONTANA,
1626,30001,Beaverhead County,MT
1627,30003,Big Horn County,MT
1628,30005,Blaine County,MT
1629,30007,Broadwater County,MT
1630,30009,Carbon County,MT
1631,30011,Carter County,MT
1632,30013,Cascade County,MT
1633,30015,Chouteau County,MT
1634,30017,Custer County,MT
1635,30019,Daniels County,MT
1636,30021,Dawson County,MT
1637,30023,Deer Lodge County,MT
1638,30025,Fallon County,MT
1639,30027,Fergus County,MT
1640,30029,Flathead County,MT
1641,30031,Gallatin County,MT
1642,30033,Garfield County,MT
1643,30035,Glacier County,MT
1644,30037,Golden Valley County,MT
1645,30039,Granite County,MT
1646,30041,Hill County,MT
1647,30043,Jefferson County,MT
1648,30045,Judith Basin County,MT
1649,30047,Lake County,MT
1650,30049,Lewis and Clark County,MT
1651,30051,Liberty County,MT
1652,30053,Lincoln County,MT
1653,30055,McCone County,MT
1654,30057,Madison County,MT
1655,30059,Meagher County,MT
1656,30061,Mineral County,MT
1657,30063,Missoula County,MT
1658,30065,Musselshell County,MT
1659,30067,Park County,MT
1660,30069,Petroleum County,MT
1661,30071,Phillips County,MT
1662,30073,Pondera County,MT
1663,30075,Powder River County,MT
1664,30077,Powell County,MT
1665,30079,Prairie County,MT
1666,30081,Ravalli County,MT
1667,30083,Richland County,MT
1668,30085,Roosevelt County,MT
1669,30087,Rosebud County,MT
1670,30089,Sanders County,MT
1671,30091,Sheridan County,MT
1672,30093,Silver Bow County,MT
1673,30095,Stillwater County,MT
1674,30097,Sweet Grass County,MT
1675,30099,Teton County,MT
1676,30101,Toole County,MT
1677,30103,Treasure County,MT
1678,30105,Valley County,MT
1679,30107,Wheatland County,MT
1680,30109,Wibaux County,MT
1681,30111,Yellowstone County,MT
1682,31000,NEBRASKA,
1683,31001,Adams County,NE
1684,31003,Antelope County,NE
1685,31005,Arthur County,NE
1686,31007,Banner County,NE
1687,31009,Blaine County,NE
1688,31011,Boone County,NE
1689,31013,Box Butte County,NE
1690,31015,Boyd County,NE
1691,31017,Brown County,NE
1692,31019,Buffalo County,NE
1693,31021,Burt County,NE
1694,31023,Butler County,NE
1695,31025,Cass County,NE
1696,31027,Cedar County,NE
1697,31029,Chase County,NE
1698,31031,Cherry County,NE
1699,31033,Cheyenne County,NE
1700,31035,Clay County,NE
1701,31037,Colfax County,NE
1702,31039,Cuming County,NE
1703,31041,Custer County,NE
1704,31043,Dakota County,NE
1705,31045,Dawes County,NE
1706,31047,Dawson County,NE
1707,31049,Deuel County,NE
1708,31051,Dixon County,NE
1709,31053,Dodge County,NE
1710,31055,Douglas County,NE
1711,31057,Dundy County,NE
1712,31059,Fillmore County,NE
1713,31061,Franklin County,NE
1714,31063,Frontier County,NE
1715,31065,Furnas County,NE
1716,31067,Gage County,NE
1717,31069,Garden County,NE
1718,31071,Garfield County,NE
1719,31073,Gosper County,NE
1720,31075,Grant County,NE
1721,31077,Greeley County,NE
1722,31079,Hall County,NE
1723,31081,Hamilton County,NE
1724,31083,Harlan County,NE
1725,31085,Hayes County,NE
1726,31087,Hitchcock County,NE
1727,31089,Holt County,NE
1728,31091,Hooker County,NE
1729,31093,Howard County,NE
1730,31095,Jefferson County,NE
1731,31097,Johnson County,NE
1732,31099,Kearney County,NE
1733,31101,Keith County,NE
1734,31103,Keya Paha County,NE
1735,31105,Kimball County,NE
1736,31107,Knox County,NE
1737,31109,Lancaster County,NE
1738,31111,Lincoln County,NE
1739,31113,Logan County,NE
1740,31115,Loup County,NE
1741,31117,McPherson County,NE
1742,31119,Madison County,NE
1743,31121,Merrick County,NE
1744,31123,Morrill County,NE
1745,31125,Nance County,NE
1746,31127,Nemaha County,NE
1747,31129,Nuckolls County,NE
1748,31131,Otoe County,NE
1749,31133,Pawnee County,NE
1750,31135,Perkins County,NE
1751,31137,Phelps County,NE
1752,31139,Pierce County,NE
1753,31141,Platte County,NE
1754,31143,Polk County,NE
1755,31145,Red Willow County,NE
1756,31147,Richardson County,NE
1757,31149,Rock County,NE
1758,31151,Saline County,NE
1759,31153,Sarpy County,NE
1760,31155,Saunders County,NE
1761,31157,Scotts Bluff County,NE
1762,31159,Seward County,NE
1763,31161,Sheridan County,NE
1764,31163,Sherman County,NE
1765,31165,Sioux County,NE
1766,31167,Stanton County,NE
1767,31169,Thayer County,NE
1768,31171,Thomas County,NE
1769,31173,Thurston County,NE
1770,31175,Valley County,NE
1771,31177,Washington County,NE
1772,31179,Wayne County,NE
1773,31181,Webster County,NE
1774,31183,Wheeler County,NE
1775,31185,York County,NE
1776,32000,NEVADA,
1777,32001,Churchill County,NV
1778,32003,Clark County,NV
1779,32005,Douglas County,NV
1780,32007,Elko County,NV
1781,32009,Esmeralda County,NV
1782,32011,Eureka County,NV
1783,32013,Humboldt County,NV
1784,32015,Lander County,NV
1785,32017,Lincoln County,NV
1786,32019,Lyon County,NV
1787,32021,Mineral County,NV
1788,32023,Nye County,NV
1789,32027,Pershing County,NV
1790,32029,Storey County,NV
1791,32031,Washoe County,NV
1792,32033,White Pine County,NV
1793,32510,Carson City,NV
1794,33000,NEW HAMPSHIRE,
1795,33001,Belknap County,NH
1796,33003,Carroll County,NH
1797,33005,Cheshire County,NH
1798,33007,Coos County,NH
1799,33009,Grafton County,NH
1800,33011,Hillsborough County,NH
1801,33013,Merrimack County,NH
1802,33015,Rockingham County,NH
1803,33017,Strafford County,NH
1804,33019,Sullivan County,NH
1805,34000,NEW JERSEY,
1806,34001,Atlantic County,NJ
1807,34003,Bergen County,NJ
1808,34005,Burlington County,NJ
1809,34007,Camden County,NJ
1810,34009,Cape May County,NJ
1811,34011,Cumberland County,NJ
1812,34013,Essex County,NJ
1813,34015,Gloucester County,NJ
1814,34017,Hudson County,NJ
1815,34019,Hunterdon County,NJ
1816,34021,Mercer County,NJ
1817,34023,Middlesex County,NJ
1818,34025,Monmouth County,NJ
1819,34027,Morris County,NJ
1820,34029,Ocean County,NJ
1821,34031,Passaic County,NJ
1822,34033,Salem County,NJ
1823,34035,Somerset County,NJ
1824,34037,Sussex County,NJ
1825,34039,Union County,NJ
1826,34041,Warren County,NJ
1827,35000,NEW MEXICO,
1828,35001,Bernalillo County,NM
1829,35003,Catron County,NM
1830,35005,Chaves County,NM
1831,35006,Cibola County,NM
1832,35007,Colfax County,NM
1833,35009,Curry County,NM
1834,35011,De Baca County,NM
1835,35013,Doa Ana County,NM
1836,35015,Eddy County,NM
1837,35017,Grant County,NM
1838,35019,Guadalupe County,NM
1839,35021,Harding County,NM
1840,35023,Hidalgo County,NM
1841,35025,Lea County,NM
1842,35027,Lincoln County,NM
1843,35028,Los Alamos County,NM
1844,35029,Luna County,NM
1845,35031,McKinley County,NM
1846,35033,Mora County,NM
1847,35035,Otero County,NM
1848,35037,Quay County,NM
1849,35039,Rio Arriba County,NM
1850,35041,Roosevelt County,NM
1851,35043,Sandoval County,NM
1852,35045,San Juan County,NM
1853,35047,San Miguel County,NM
1854,35049,Santa Fe County,NM
1855,35051,Sierra County,NM
1856,35053,Socorro County,NM
1857,35055,Taos County,NM
1858,35057,Torrance County,NM
1859,35059,Union County,NM
1860,35061,Valencia County,NM
1861,36000,NEW YORK,
1862,36001,Albany County,NY
1863,36003,Allegany County,NY
1864,36005,Bronx County,NY
1865,36007,Broome County,NY
1866,36009,Cattaraugus County,NY
1867,36011,Cayuga County,NY
1868,36013,Chautauqua County,NY
1869,36015,Chemung County,NY
1870,36017,Chenango County,NY
1871,36019,Clinton County,NY
1872,36021,Columbia County,NY
1873,36023,Cortland County,NY
1874,36025,Delaware County,NY
1875,36027,Dutchess County,NY
1876,36029,Erie County,NY
1877,36031,Essex County,NY
1878,36033,Franklin County,NY
1879,36035,Fulton County,NY
1880,36037,Genesee County,NY
1881,36039,Greene County,NY
1882,36041,Hamilton County,NY
1883,36043,Herkimer County,NY
1884,36045,Jefferson County,NY
1885,36047,Kings County,NY
1886,36049,Lewis County,NY
1887,36051,Livingston County,NY
1888,36053,Madison County,NY
1889,36055,Monroe County,NY
1890,36057,Montgomery County,NY
1891,36059,Nassau County,NY
1892,36061,New York County,NY
1893,36063,Niagara County,NY
1894,36065,Oneida County,NY
1895,36067,Onondaga County,NY
1896,36069,Ontario County,NY
1897,36071,Orange County,NY
1898,36073,Orleans County,NY
1899,36075,Oswego County,NY
1900,36077,Otsego County,NY
1901,36079,Putnam County,NY
1902,36081,Queens County,NY
1903,36083,Rensselaer County,NY
1904,36085,Richmond County,NY
1905,36087,Rockland County,NY
1906,36089,St. Lawrence County,NY
1907,36091,Saratoga County,NY
1908,36093,Schenectady County,NY
1909,36095,Schoharie County,NY
1910,36097,Schuyler County,NY
1911,36099,Seneca County,NY
1912,36101,Steuben County,NY
1913,36103,Suffolk County,NY
1914,36105,Sullivan County,NY
1915,36107,Tioga County,NY
1916,36109,Tompkins County,NY
1917,36111,Ulster County,NY
1918,36113,Warren County,NY
1919,36115,Washington County,NY
1920,36117,Wayne County,NY
1921,36119,Westchester County,NY
1922,36121,Wyoming County,NY
1923,36123,Yates County,NY
1924,37000,NORTH CAROLINA,
1925,37001,Alamance County,NC
1926,37003,Alexander County,NC
1927,37005,Alleghany County,NC
1928,37007,Anson County,NC
1929,37009,Ashe County,NC
1930,37011,Avery County,NC
1931,37013,Beaufort County,NC
1932,37015,Bertie County,NC
1933,37017,Bladen County,NC
1934,37019,Brunswick County,NC
1935,37021,Buncombe County,NC
1936,37023,Burke County,NC
1937,37025,Cabarrus County,NC
1938,37027,Caldwell County,NC
1939,37029,Camden County,NC
1940,37031,Carteret County,NC
1941,37033,Caswell County,NC
1942,37035,Catawba County,NC
1943,37037,Chatham County,NC
1944,37039,Cherokee County,NC
1945,37041,Chowan County,NC
1946,37043,Clay County,NC
1947,37045,Cleveland County,NC
1948,37047,Columbus County,NC
1949,37049,Craven County,NC
1950,37051,Cumberland County,NC
1951,37053,Currituck County,NC
1952,37055,Dare County,NC
1953,37057,Davidson County,NC
1954,37059,Davie County,NC
1955,37061,Duplin County,NC
1956,37063,Durham County,NC
1957,37065,Edgecombe County,NC
1958,37067,Forsyth County,NC
1959,37069,Franklin County,NC
1960,37071,Gaston County,NC
1961,37073,Gates County,NC
1962,37075,Graham County,NC
1963,37077,Granville County,NC
1964,37079,Greene County,NC
1965,37081,Guilford County,NC
1966,37083,Halifax County,NC
1967,37085,Harnett County,NC
1968,37087,Haywood County,NC
1969,37089,Henderson County,NC
1970,37091,Hertford County,NC
1971,37093,Hoke County,NC
1972,37095,Hyde County,NC
1973,37097,Iredell County,NC
1974,37099,Jackson County,NC
1975,37101,Johnston County,NC
1976,37103,Jones County,NC
1977,37105,Lee County,NC
1978,37107,Lenoir County,NC
1979,37109,Lincoln County,NC
1980,37111,McDowell County,NC
1981,37113,Macon County,NC
1982,37115,Madison County,NC
1983,37117,Martin County,NC
1984,37119,Mecklenburg County,NC
1985,37121,Mitchell County,NC
1986,37123,Montgomery County,NC
1987,37125,Moore County,NC
1988,37127,Nash County,NC
1989,37129,New Hanover County,NC
1990,37131,Northampton County,NC
1991,37133,Onslow County,NC
1992,37135,Orange County,NC
1993,37137,Pamlico County,NC
1994,37139,Pasquotank County,NC
1995,37141,Pender County,NC
1996,37143,Perquimans County,NC
1997,37145,Person County,NC
1998,37147,Pitt County,NC
1999,37149,Polk County,NC
2000,37151,Randolph County,NC
2001,37153,Richmond County,NC
2002,37155,Robeson County,NC
2003,37157,Rockingham County,NC
2004,37159,Rowan County,NC
2005,37161,Rutherford County,NC
2006,37163,Sampson County,NC
2007,37165,Scotland County,NC
2008,37167,Stanly County,NC
2009,37169,Stokes County,NC
2010,37171,Surry County,NC
2011,37173,Swain County,NC
2012,37175,Transylvania County,NC
2013,37177,Tyrrell County,NC
2014,37179,Union County,NC
2015,37181,Vance County,NC
2016,37183,Wake County,NC
2017,37185,Warren County,NC
2018,37187,Washington County,NC
2019,37189,Watauga County,NC
2020,37191,Wayne County,NC
2021,37193,Wilkes County,NC
2022,37195,Wilson County,NC
2023,37197,Yadkin County,NC
2024,37199,Yancey County,NC
2025,38000,NORTH DAKOTA,
2026,38001,Adams County,ND
2027,38003,Barnes County,ND
2028,38005,Benson County,ND
2029,38007,Billings County,ND
2030,38009,Bottineau County,ND
2031,38011,Bowman County,ND
2032,38013,Burke County,ND
2033,38015,Burleigh County,ND
2034,38017,Cass County,ND
2035,38019,Cavalier County,ND
2036,38021,Dickey County,ND
2037,38023,Divide County,ND
2038,38025,Dunn County,ND
2039,38027,Eddy County,ND
2040,38029,Emmons County,ND
2041,38031,Foster County,ND
2042,38033,Golden Valley County,ND
2043,38035,Grand Forks County,ND
2044,38037,Grant County,ND
2045,38039,Griggs County,ND
2046,38041,Hettinger County,ND
2047,38043,Kidder County,ND
2048,38045,LaMoure County,ND
2049,38047,Logan County,ND
2050,38049,McHenry County,ND
2051,38051,McIntosh County,ND
2052,38053,McKenzie County,ND
2053,38055,McLean County,ND
2054,38057,Mercer County,ND
2055,38059,Morton County,ND
2056,38061,Mountrail County,ND
2057,38063,Nelson County,ND
2058,38065,Oliver County,ND
2059,38067,Pembina County,ND
2060,38069,Pierce County,ND
2061,38071,Ramsey County,ND
2062,38073,Ransom County,ND
2063,38075,Renville County,ND
2064,38077,Richland County,ND
2065,38079,Rolette County,ND
2066,38081,Sargent County,ND
2067,38083,Sheridan County,ND
2068,38085,Sioux County,ND
2069,38087,Slope County,ND
2070,38089,Stark County,ND
2071,38091,Steele County,ND
2072,38093,Stutsman County,ND
2073,38095,Towner County,ND
2074,38097,Traill County,ND
2075,38099,Walsh County,ND
2076,38101,Ward County,ND
2077,38103,Wells County,ND
2078,38105,Williams County,ND
2079,39000,OHIO,
2080,39001,Adams County,OH
2081,39003,Allen County,OH
2082,39005,Ashland County,OH
2083,39007,Ashtabula County,OH
2084,39009,Athens County,OH
2085,39011,Auglaize County,OH
2086,39013,Belmont County,OH
2087,39015,Brown County,OH
2088,39017,Butler County,OH
2089,39019,Carroll County,OH
2090,39021,Champaign County,OH
2091,39023,Clark County,OH
2092,39025,Clermont County,OH
2093,39027,Clinton County,OH
2094,39029,Columbiana County,OH
2095,39031,Coshocton County,OH
2096,39033,Crawford County,OH
2097,39035,Cuyahoga County,OH
2098,39037,Darke County,OH
2099,39039,Defiance County,OH
2100,39041,Delaware County,OH
2101,39043,Erie County,OH
2102,39045,Fairfield County,OH
2103,39047,Fayette County,OH
2104,39049,Franklin County,OH
2105,39051,Fulton County,OH
2106,39053,Gallia County,OH
2107,39055,Geauga County,OH
2108,39057,Greene County,OH
2109,39059,Guernsey County,OH
2110,39061,Hamilton County,OH
2111,39063,Hancock County,OH
2112,39065,Hardin County,OH
2113,39067,Harrison County,OH
2114,39069,Henry County,OH
2115,39071,Highland County,OH
2116,39073,Hocking County,OH
2117,39075,Holmes County,OH
2118,39077,Huron County,OH
2119,39079,Jackson County,OH
2120,39081,Jefferson County,OH
2121,39083,Knox County,OH
2122,39085,Lake County,OH
2123,39087,Lawrence County,OH
2124,39089,Licking County,OH
2125,39091,Logan County,OH
2126,39093,Lorain County,OH
2127,39095,Lucas County,OH
2128,39097,Madison County,OH
2129,39099,Mahoning County,OH
2130,39101,Marion County,OH
2131,39103,Medina County,OH
2132,39105,Meigs County,OH
2133,39107,Mercer County,OH
2134,39109,Miami County,OH
2135,39111,Monroe County,OH
2136,39113,Montgomery County,OH
2137,39115,Morgan County,OH
2138,39117,Morrow County,OH
2139,39119,Muskingum County,OH
2140,39121,Noble County,OH
2141,39123,Ottawa County,OH
2142,39125,Paulding County,OH
2143,39127,Perry County,OH
2144,39129,Pickaway County,OH
2145,39131,Pike County,OH
2146,39133,Portage County,OH
2147,39135,Preble County,OH
2148,39137,Putnam County,OH
2149,39139,Richland County,OH
2150,39141,Ross County,OH
2151,39143,Sandusky County,OH
2152,39145,Scioto County,OH
2153,39147,Seneca County,OH
2154,39149,Shelby County,OH
2155,39151,Stark County,OH
2156,39153,Summit County,OH
2157,39155,Trumbull County,OH
2158,39157,Tuscarawas County,OH
2159,39159,Union County,OH
2160,39161,Van Wert County,OH
2161,39163,Vinton County,OH
2162,39165,Warren County,OH
2163,39167,Washington County,OH
2164,39169,Wayne County,OH
2165,39171,Williams County,OH
2166,39173,Wood County,OH
2167,39175,Wyandot County,OH
2168,40000,OKLAHOMA,
2169,40001,Adair County,OK
2170,40003,Alfalfa County,OK
2171,40005,Atoka County,OK
2172,40007,Beaver County,OK
2173,40009,Beckham County,OK
2174,40011,Blaine County,OK
2175,40013,Bryan County,OK
2176,40015,Caddo County,OK
2177,40017,Canadian County,OK
2178,40019,Carter County,OK
2179,40021,Cherokee County,OK
2180,40023,Choctaw County,OK
2181,40025,Cimarron County,OK
2182,40027,Cleveland County,OK
2183,40029,Coal County,OK
2184,40031,Comanche County,OK
2185,40033,Cotton County,OK
2186,40035,Craig County,OK
2187,40037,Creek County,OK
2188,40039,Custer County,OK
2189,40041,Delaware County,OK
2190,40043,Dewey County,OK
2191,40045,Ellis County,OK
2192,40047,Garfield County,OK
2193,40049,Garvin County,OK
2194,40051,Grady County,OK
2195,40053,Grant County,OK
2196,40055,Greer County,OK
2197,40057,Harmon County,OK
2198,40059,Harper County,OK
2199,40061,Haskell County,OK
2200,40063,Hughes County,OK
2201,40065,Jackson County,OK
2202,40067,Jefferson County,OK
2203,40069,Johnston County,OK
2204,40071,Kay County,OK
2205,40073,Kingfisher County,OK
2206,40075,Kiowa County,OK
2207,40077,Latimer County,OK
2208,40079,Le Flore County,OK
2209,40081,Lincoln County,OK
2210,40083,Logan County,OK
2211,40085,Love County,OK
2212,40087,McClain County,OK
2213,40089,McCurtain County,OK
2214,40091,McIntosh County,OK
2215,40093,Major County,OK
2216,40095,Marshall County,OK
2217,40097,Mayes County,OK
2218,40099,Murray County,OK
2219,40101,Muskogee County,OK
2220,40103,Noble County,OK
2221,40105,Nowata County,OK
2222,40107,Okfuskee County,OK
2223,40109,Oklahoma County,OK
2224,40111,Okmulgee County,OK
2225,40113,Osage County,OK
2226,40115,Ottawa County,OK
2227,40117,Pawnee County,OK
2228,40119,Payne County,OK
2229,40121,Pittsburg County,OK
2230,40123,Pontotoc County,OK
2231,40125,Pottawatomie County,OK
2232,40127,Pushmataha County,OK
2233,40129,Roger Mills County,OK
2234,40131,Rogers County,OK
2235,40133,Seminole County,OK
2236,40135,Sequoyah County,OK
2237,40137,Stephens County,OK
2238,40139,Texas County,OK
2239,40141,Tillman County,OK
2240,40143,Tulsa County,OK
2241,40145,Wagoner County,OK
2242,40147,Washington County,OK
2243,40149,Washita County,OK
2244,40151,Woods County,OK
2245,40153,Woodward County,OK
2246,41000,OREGON,
2247,41001,Baker County,OR
2248,41003,Benton County,OR
2249,41005,Clackamas County,OR
2250,41007,Clatsop County,OR
2251,41009,Columbia County,OR
2252,41011,Coos County,OR
2253,41013,Crook County,OR
2254,41015,Curry County,OR
2255,41017,Deschutes County,OR
2256,41019,Douglas County,OR
2257,41021,Gilliam County,OR
2258,41023,Grant County,OR
2259,41025,Harney County,OR
2260,41027,Hood River County,OR
2261,41029,Jackson County,OR
2262,41031,Jefferson County,OR
2263,41033,Josephine County,OR
2264,41035,Klamath County,OR
2265,41037,Lake County,OR
2266,41039,Lane County,OR
2267,41041,Lincoln County,OR
2268,41043,Linn County,OR
2269,41045,Malheur County,OR
2270,41047,Marion County,OR
2271,41049,Morrow County,OR
2272,41051,Multnomah County,OR
2273,41053,Polk County,OR
2274,41055,Sherman County,OR
2275,41057,Tillamook County,OR
2276,41059,Umatilla County,OR
2277,41061,Union County,OR
2278,41063,Wallowa County,OR
2279,41065,Wasco County,OR
2280,41067,Washington County,OR
2281,41069,Wheeler County,OR
2282,41071,Yamhill County,OR
2283,42000,PENNSYLVANIA,
2284,42001,Adams County,PA
2285,42003,Allegheny County,PA
2286,42005,Armstrong County,PA
2287,42007,Beaver County,PA
2288,42009,Bedford County,PA
2289,42011,Berks County,PA
2290,42013,Blair County,PA
2291,42015,Bradford County,PA
2292,42017,Bucks County,PA
2293,42019,Butler County,PA
2294,42021,Cambria County,PA
2295,42023,Cameron County,PA
2296,42025,Carbon County,PA
2297,42027,Centre County,PA
2298,42029,Chester County,PA
2299,42031,Clarion County,PA
2300,42033,Clearfield County,PA
2301,42035,Clinton County,PA
2302,42037,Columbia County,PA
2303,42039,Crawford County,PA
2304,42041,Cumberland County,PA
2305,42043,Dauphin County,PA
2306,42045,Delaware County,PA
2307,42047,Elk County,PA
2308,42049,Erie County,PA
2309,42051,Fayette County,PA
2310,42053,Forest County,PA
2311,42055,Franklin County,PA
2312,42057,Fulton County,PA
2313,42059,Greene County,PA
2314,42061,Huntingdon County,PA
2315,42063,Indiana County,PA
2316,42065,Jefferson County,PA
2317,42067,Juniata County,PA
2318,42069,Lackawanna County,PA
2319,42071,Lancaster County,PA
2320,42073,Lawrence County,PA
2321,42075,Lebanon County,PA
2322,42077,Lehigh County,PA
2323,42079,Luzerne County,PA
2324,42081,Lycoming County,PA
2325,42083,McKean County,PA
2326,42085,Mercer County,PA
2327,42087,Mifflin County,PA
2328,42089,Monroe County,PA
2329,42091,Montgomery County,PA
2330,42093,Montour County,PA
2331,42095,Northampton County,PA
2332,42097,Northumberland County,PA
2333,42099,Perry County,PA
2334,42101,Philadelphia County,PA
2335,42103,Pike County,PA
2336,42105,Potter County,PA
2337,42107,Schuylkill County,PA
2338,42109,Snyder County,PA
2339,42111,Somerset County,PA
2340,42113,Sullivan County,PA
2341,42115,Susquehanna County,PA
2342,42117,Tioga County,PA
2343,42119,Union County,PA
2344,42121,Venango County,PA
2345,42123,Warren County,PA
2346,42125,Washington County,PA
2347,42127,Wayne County,PA
2348,42129,Westmoreland County,PA
2349,42131,Wyoming County,PA
2350,42133,York County,PA
2351,44000,RHODE ISLAND,
2352,44001,Bristol County,RI
2353,44003,Kent County,RI
2354,44005,Newport County,RI
2355,44007,Providence County,RI
2356,44009,Washington County,RI
2357,45000,SOUTH CAROLINA,
2358,45001,Abbeville County,SC
2359,45003,Aiken County,SC
2360,45005,Allendale County,SC
2361,45007,Anderson County,SC
2362,45009,Bamberg County,SC
2363,45011,Barnwell County,SC
2364,45013,Beaufort County,SC
2365,45015,Berkeley County,SC
2366,45017,Calhoun County,SC
2367,45019,Charleston County,SC
2368,45021,Cherokee County,SC
2369,45023,Chester County,SC
2370,45025,Chesterfield County,SC
2371,45027,Clarendon County,SC
2372,45029,Colleton County,SC
2373,45031,Darlington County,SC
2374,45033,Dillon County,SC
2375,45035,Dorchester County,SC
2376,45037,Edgefield County,SC
2377,45039,Fairfield County,SC
2378,45041,Florence County,SC
2379,45043,Georgetown County,SC
2380,45045,Greenville County,SC
2381,45047,Greenwood County,SC
2382,45049,Hampton County,SC
2383,45051,Horry County,SC
2384,45053,Jasper County,SC
2385,45055,Kershaw County,SC
2386,45057,Lancaster County,SC
2387,45059,Laurens County,SC
2388,45061,Lee County,SC
2389,45063,Lexington County,SC
2390,45065,McCormick County,SC
2391,45067,Marion County,SC
2392,45069,Marlboro County,SC
2393,45071,Newberry County,SC
2394,45073,Oconee County,SC
2395,45075,Orangeburg County,SC
2396,45077,Pickens County,SC
2397,45079,Richland County,SC
2398,45081,Saluda County,SC
2399,45083,Spartanburg County,SC
2400,45085,Sumter County,SC
2401,45087,Union County,SC
2402,45089,Williamsburg County,SC
2403,45091,York County,SC
2404,46000,SOUTH DAKOTA,
2405,46003,Aurora County,SD
2406,46005,Beadle County,SD
2407,46007,Bennett County,SD
2408,46009,Bon Homme County,SD
2409,46011,Brookings County,SD
2410,46013,Brown County,SD
2411,46015,Brule County,SD
2412,46017,Buffalo County,SD
2413,46019,Butte County,SD
2414,46021,Campbell County,SD
2415,46023,Charles Mix County,SD
2416,46025,Clark County,SD
2417,46027,Clay County,SD
2418,46029,Codington County,SD
2419,46031,Corson County,SD
2420,46033,Custer County,SD
2421,46035,Davison County,SD
2422,46037,Day County,SD
2423,46039,Deuel County,SD
2424,46041,Dewey County,SD
2425,46043,Douglas County,SD
2426,46045,Edmunds County,SD
2427,46047,Fall River County,SD
2428,46049,Faulk County,SD
2429,46051,Grant County,SD
2430,46053,Gregory County,SD
2431,46055,Haakon County,SD
2432,46057,Hamlin County,SD
2433,46059,Hand County,SD
2434,46061,Hanson County,SD
2435,46063,Harding County,SD
2436,46065,Hughes County,SD
2437,46067,Hutchinson County,SD
2438,46069,Hyde County,SD
2439,46071,Jackson County,SD
2440,46073,Jerauld County,SD
2441,46075,Jones County,SD
2442,46077,Kingsbury County,SD
2443,46079,Lake County,SD
2444,46081,Lawrence County,SD
2445,46083,Lincoln County,SD
2446,46085,Lyman County,SD
2447,46087,McCook County,SD
2448,46089,McPherson County,SD
2449,46091,Marshall County,SD
2450,46093,Meade County,SD
2451,46095,Mellette County,SD
2452,46097,Miner County,SD
2453,46099,Minnehaha County,SD
2454,46101,Moody County,SD
2455,46103,Pennington County,SD
2456,46105,Perkins County,SD
2457,46107,Potter County,SD
2458,46109,Roberts County,SD
2459,46111,Sanborn County,SD
2460,46113,Shannon County,SD
2461,46115,Spink County,SD
2462,46117,Stanley County,SD
2463,46119,Sully County,SD
2464,46121,Todd County,SD
2465,46123,Tripp County,SD
2466,46125,Turner County,SD
2467,46127,Union County,SD
2468,46129,Walworth County,SD
2469,46135,Yankton County,SD
2470,46137,Ziebach County,SD
2471,47000,TENNESSEE,
2472,47001,Anderson County,TN
2473,47003,Bedford County,TN
2474,47005,Benton County,TN
2475,47007,Bledsoe County,TN
2476,47009,Blount County,TN
2477,47011,Bradley County,TN
2478,47013,Campbell County,TN
2479,47015,Cannon County,TN
2480,47017,Carroll County,TN
2481,47019,Carter County,TN
2482,47021,Cheatham County,TN
2483,47023,Chester County,TN
2484,47025,Claiborne County,TN
2485,47027,Clay County,TN
2486,47029,Cocke County,TN
2487,47031,Coffee County,TN
2488,47033,Crockett County,TN
2489,47035,Cumberland County,TN
2490,47037,Davidson County,TN
2491,47039,Decatur County,TN
2492,47041,DeKalb County,TN
2493,47043,Dickson County,TN
2494,47045,Dyer County,TN
2495,47047,Fayette County,TN
2496,47049,Fentress County,TN
2497,47051,Franklin County,TN
2498,47053,Gibson County,TN
2499,47055,Giles County,TN
2500,47057,Grainger County,TN
2501,47059,Greene County,TN
2502,47061,Grundy County,TN
2503,47063,Hamblen County,TN
2504,47065,Hamilton County,TN
2505,47067,Hancock County,TN
2506,47069,Hardeman County,TN
2507,47071,Hardin County,TN
2508,47073,Hawkins County,TN
2509,47075,Haywood County,TN
2510,47077,Henderson County,TN
2511,47079,Henry County,TN
2512,47081,Hickman County,TN
2513,47083,Houston County,TN
2514,47085,Humphreys County,TN
2515,47087,Jackson County,TN
2516,47089,Jefferson County,TN
2517,47091,Johnson County,TN
2518,47093,Knox County,TN
2519,47095,Lake County,TN
2520,47097,Lauderdale County,TN
2521,47099,Lawrence County,TN
2522,47101,Lewis County,TN
2523,47103,Lincoln County,TN
2524,47105,Loudon County,TN
2525,47107,McMinn County,TN
2526,47109,McNairy County,TN
2527,47111,Macon County,TN
2528,47113,Madison County,TN
2529,47115,Marion County,TN
2530,47117,Marshall County,TN
2531,47119,Maury County,TN
2532,47121,Meigs County,TN
2533,47123,Monroe County,TN
2534,47125,Montgomery County,TN
2535,47127,Moore County,TN
2536,47129,Morgan County,TN
2537,47131,Obion County,TN
2538,47133,Overton County,TN
2539,47135,Perry County,TN
2540,47137,Pickett County,TN
2541,47139,Polk County,TN
2542,47141,Putnam County,TN
2543,47143,Rhea County,TN
2544,47145,Roane County,TN
2545,47147,Robertson County,TN
2546,47149,Rutherford County,TN
2547,47151,Scott County,TN
2548,47153,Sequatchie County,TN
2549,47155,Sevier County,TN
2550,47157,Shelby County,TN
2551,47159,Smith County,TN
2552,47161,Stewart County,TN
2553,47163,Sullivan County,TN
2554,47165,Sumner County,TN
2555,47167,Tipton County,TN
2556,47169,Trousdale County,TN
2557,47171,Unicoi County,TN
2558,47173,Union County,TN
2559,47175,Van Buren County,TN
2560,47177,Warren County,TN
2561,47179,Washington County,TN
2562,47181,Wayne County,TN
2563,47183,Weakley County,TN
2564,47185,White County,TN
2565,47187,Williamson County,TN
2566,47189,Wilson County,TN
2567,48000,TEXAS,
2568,48001,Anderson County,TX
2569,48003,Andrews County,TX
2570,48005,Angelina County,TX
2571,48007,Aransas County,TX
2572,48009,Archer County,TX
2573,48011,Armstrong County,TX
2574,48013,Atascosa County,TX
2575,48015,Austin County,TX
2576,48017,Bailey County,TX
2577,48019,Bandera County,TX
2578,48021,Bastrop County,TX
2579,48023,Baylor County,TX
2580,48025,Bee County,TX
2581,48027,Bell County,TX
2582,48029,Bexar County,TX
2583,48031,Blanco County,TX
2584,48033,Borden County,TX
2585,48035,Bosque County,TX
2586,48037,Bowie County,TX
2587,48039,Brazoria County,TX
2588,48041,Brazos County,TX
2589,48043,Brewster County,TX
2590,48045,Briscoe County,TX
2591,48047,Brooks County,TX
2592,48049,Brown County,TX
2593,48051,Burleson County,TX
2594,48053,Burnet County,TX
2595,48055,Caldwell County,TX
2596,48057,Calhoun County,TX
2597,48059,Callahan County,TX
2598,48061,Cameron County,TX
2599,48063,Camp County,TX
2600,48065,Carson County,TX
2601,48067,Cass County,TX
2602,48069,Castro County,TX
2603,48071,Chambers County,TX
2604,48073,Cherokee County,TX
2605,48075,Childress County,TX
2606,48077,Clay County,TX
2607,48079,Cochran County,TX
2608,48081,Coke County,TX
2609,48083,Coleman County,TX
2610,48085,Collin County,TX
2611,48087,Collingsworth County,TX
2612,48089,Colorado County,TX
2613,48091,Comal County,TX
2614,48093,Comanche County,TX
2615,48095,Concho County,TX
2616,48097,Cooke County,TX
2617,48099,Coryell County,TX
2618,48101,Cottle County,TX
2619,48103,Crane County,TX
2620,48105,Crockett County,TX
2621,48107,Crosby County,TX
2622,48109,Culberson County,TX
2623,48111,Dallam County,TX
2624,48113,Dallas County,TX
2625,48115,Dawson County,TX
2626,48117,Deaf Smith County,TX
2627,48119,Delta County,TX
2628,48121,Denton County,TX
2629,48123,DeWitt County,TX
2630,48125,Dickens County,TX
2631,48127,Dimmit County,TX
2632,48129,Donley County,TX
2633,48131,Duval County,TX
2634,48133,Eastland County,TX
2635,48135,Ector County,TX
2636,48137,Edwards County,TX
2637,48139,Ellis County,TX
2638,48141,El Paso County,TX
2639,48143,Erath County,TX
2640,48145,Falls County,TX
2641,48147,Fannin County,TX
2642,48149,Fayette County,TX
2643,48151,Fisher County,TX
2644,48153,Floyd County,TX
2645,48155,Foard County,TX
2646,48157,Fort Bend County,TX
2647,48159,Franklin County,TX
2648,48161,Freestone County,TX
2649,48163,Frio County,TX
2650,48165,Gaines County,TX
2651,48167,Galveston County,TX
2652,48169,Garza County,TX
2653,48171,Gillespie County,TX
2654,48173,Glasscock County,TX
2655,48175,Goliad County,TX
2656,48177,Gonzales County,TX
2657,48179,Gray County,TX
2658,48181,Grayson County,TX
2659,48183,Gregg County,TX
2660,48185,Grimes County,TX
2661,48187,Guadalupe County,TX
2662,48189,Hale County,TX
2663,48191,Hall County,TX
2664,48193,Hamilton County,TX
2665,48195,Hansford County,TX
2666,48197,Hardeman County,TX
2667,48199,Hardin County,TX
2668,48201,Harris County,TX
2669,48203,Harrison County,TX
2670,48205,Hartley County,TX
2671,48207,Haskell County,TX
2672,48209,Hays County,TX
2673,48211,Hemphill County,TX
2674,48213,Henderson County,TX
2675,48215,Hidalgo County,TX
2676,48217,Hill County,TX
2677,48219,Hockley County,TX
2678,48221,Hood County,TX
2679,48223,Hopkins County,TX
2680,48225,Houston County,TX
2681,48227,Howard County,TX
2682,48229,Hudspeth County,TX
2683,48231,Hunt County,TX
2684,48233,Hutchinson County,TX
2685,48235,Irion County,TX
2686,48237,Jack County,TX
2687,48239,Jackson County,TX
2688,48241,Jasper County,TX
2689,48243,Jeff Davis County,TX
2690,48245,Jefferson County,TX
2691,48247,Jim Hogg County,TX
2692,48249,Jim Wells County,TX
2693,48251,Johnson County,TX
2694,48253,Jones County,TX
2695,48255,Karnes County,TX
2696,48257,Kaufman County,TX
2697,48259,Kendall County,TX
2698,48261,Kenedy County,TX
2699,48263,Kent County,TX
2700,48265,Kerr County,TX
2701,48267,Kimble County,TX
2702,48269,King County,TX
2703,48271,Kinney County,TX
2704,48273,Kleberg County,TX
2705,48275,Knox County,TX
2706,48277,Lamar County,TX
2707,48279,Lamb County,TX
2708,48281,Lampasas County,TX
2709,48283,La Salle County,TX
2710,48285,Lavaca County,TX
2711,48287,Lee County,TX
2712,48289,Leon County,TX
2713,48291,Liberty County,TX
2714,48293,Limestone County,TX
2715,48295,Lipscomb County,TX
2716,48297,Live Oak County,TX
2717,48299,Llano County,TX
2718,48301,Loving County,TX
2719,48303,Lubbock County,TX
2720,48305,Lynn County,TX
2721,48307,McCulloch County,TX
2722,48309,McLennan County,TX
2723,48311,McMullen County,TX
2724,48313,Madison County,TX
2725,48315,Marion County,TX
2726,48317,Martin County,TX
2727,48319,Mason County,TX
2728,48321,Matagorda County,TX
2729,48323,Maverick County,TX
2730,48325,Medina County,TX
2731,48327,Menard County,TX
2732,48329,Midland County,TX
2733,48331,Milam County,TX
2734,48333,Mills County,TX
2735,48335,Mitchell County,TX
2736,48337,Montague County,TX
2737,48339,Montgomery County,TX
2738,48341,Moore County,TX
2739,48343,Morris County,TX
2740,48345,Motley County,TX
2741,48347,Nacogdoches County,TX
2742,48349,Navarro County,TX
2743,48351,Newton County,TX
2744,48353,Nolan County,TX
2745,48355,Nueces County,TX
2746,48357,Ochiltree County,TX
2747,48359,Oldham County,TX
2748,48361,Orange County,TX
2749,48363,Palo Pinto County,TX
2750,48365,Panola County,TX
2751,48367,Parker County,TX
2752,48369,Parmer County,TX
2753,48371,Pecos County,TX
2754,48373,Polk County,TX
2755,48375,Potter County,TX
2756,48377,Presidio County,TX
2757,48379,Rains County,TX
2758,48381,Randall County,TX
2759,48383,Reagan County,TX
2760,48385,Real County,TX
2761,48387,Red River County,TX
2762,48389,Reeves County,TX
2763,48391,Refugio County,TX
2764,48393,Roberts County,TX
2765,48395,Robertson County,TX
2766,48397,Rockwall County,TX
2767,48399,Runnels County,TX
2768,48401,Rusk County,TX
2769,48403,Sabine County,TX
2770,48405,San Augustine County,TX
2771,48407,San Jacinto County,TX
2772,48409,San Patricio County,TX
2773,48411,San Saba County,TX
2774,48413,Schleicher County,TX
2775,48415,Scurry County,TX
2776,48417,Shackelford County,TX
2777,48419,Shelby County,TX
2778,48421,Sherman County,TX
2779,48423,Smith County,TX
2780,48425,Somervell County,TX
2781,48427,Starr County,TX
2782,48429,Stephens County,TX
2783,48431,Sterling County,TX
2784,48433,Stonewall County,TX
2785,48435,Sutton County,TX
2786,48437,Swisher County,TX
2787,48439,Tarrant County,TX
2788,48441,Taylor County,TX
2789,48443,Terrell County,TX
2790,48445,Terry County,TX
2791,48447,Throckmorton County,TX
2792,48449,Titus County,TX
2793,48451,Tom Green County,TX
2794,48453,Travis County,TX
2795,48455,Trinity County,TX
2796,48457,Tyler County,TX
2797,48459,Upshur County,TX
2798,48461,Upton County,TX
2799,48463,Uvalde County,TX
2800,48465,Val Verde County,TX
2801,48467,Van Zandt County,TX
2802,48469,Victoria County,TX
2803,48471,Walker County,TX
2804,48473,Waller County,TX
2805,48475,Ward County,TX
2806,48477,Washington County,TX
2807,48479,Webb County,TX
2808,48481,Wharton County,TX
2809,48483,Wheeler County,TX
2810,48485,Wichita County,TX
2811,48487,Wilbarger County,TX
2812,48489,Willacy County,TX
2813,48491,Williamson County,TX
2814,48493,Wilson County,TX
2815,48495,Winkler County,TX
2816,48497,Wise County,TX
2817,48499,Wood County,TX
2818,48501,Yoakum County,TX
2819,48503,Young County,TX
2820,48505,Zapata County,TX
2821,48507,Zavala County,TX
2822,49000,UTAH,
2823,49001,Beaver County,UT
2824,49003,Box Elder County,UT
2825,49005,Cache County,UT
2826,49007,Carbon County,UT
2827,49009,Daggett County,UT
2828,49011,Davis County,UT
2829,49013,Duchesne County,UT
2830,49015,Emery County,UT
2831,49017,Garfield County,UT
2832,49019,Grand County,UT
2833,49021,Iron County,UT
2834,49023,Juab County,UT
2835,49025,Kane County,UT
2836,49027,Millard County,UT
2837,49029,Morgan County,UT
2838,49031,Piute County,UT
2839,49033,Rich County,UT
2840,49035,Salt Lake County,UT
2841,49037,San Juan County,UT
2842,49039,Sanpete County,UT
2843,49041,Sevier County,UT
2844,49043,Summit County,UT
2845,49045,Tooele County,UT
2846,49047,Uintah County,UT
2847,49049,Utah County,UT
2848,49051,Wasatch County,UT
2849,49053,Washington County,UT
2850,49055,Wayne County,UT
2851,49057,Weber County,UT
2852,50000,VERMONT,
2853,50001,Addison County,VT
2854,50003,Bennington County,VT
2855,50005,Caledonia County,VT
2856,50007,Chittenden County,VT
2857,50009,Essex County,VT
2858,50011,Franklin County,VT
2859,50013,Grand Isle County,VT
2860,50015,Lamoille County,VT
2861,50017,Orange County,VT
2862,50019,Orleans County,VT
2863,50021,Rutland County,VT
2864,50023,Washington County,VT
2865,50025,Windham County,VT
2866,50027,Windsor County,VT
2867,51000,VIRGINIA,
2868,51001,Accomack County,VA
2869,51003,Albemarle County,VA
2870,51005,Alleghany County,VA
2871,51007,Amelia County,VA
2872,51009,Amherst County,VA
2873,51011,Appomattox County,VA
2874,51013,Arlington County,VA
2875,51015,Augusta County,VA
2876,51017,Bath County,VA
2877,51019,Bedford County,VA
2878,51021,Bland County,VA
2879,51023,Botetourt County,VA
2880,51025,Brunswick County,VA
2881,51027,Buchanan County,VA
2882,51029,Buckingham County,VA
2883,51031,Campbell County,VA
2884,51033,Caroline County,VA
2885,51035,Carroll County,VA
2886,51036,Charles City County,VA
2887,51037,Charlotte County,VA
2888,51041,Chesterfield County,VA
2889,51043,Clarke County,VA
2890,51045,Craig County,VA
2891,51047,Culpeper County,VA
2892,51049,Cumberland County,VA
2893,51051,Dickenson County,VA
2894,51053,Dinwiddie County,VA
2895,51057,Essex County,VA
2896,51059,Fairfax County,VA
2897,51061,Fauquier County,VA
2898,51063,Floyd County,VA
2899,51065,Fluvanna County,VA
2900,51067,Franklin County,VA
2901,51069,Frederick County,VA
2902,51071,Giles County,VA
2903,51073,Gloucester County,VA
2904,51075,Goochland County,VA
2905,51077,Grayson County,VA
2906,51079,Greene County,VA
2907,51081,Greensville County,VA
2908,51083,Halifax County,VA
2909,51085,Hanover County,VA
2910,51087,Henrico County,VA
2911,51089,Henry County,VA
2912,51091,Highland County,VA
2913,51093,Isle of Wight County,VA
2914,51095,James City County,VA
2915,51097,King and Queen County,VA
2916,51099,King George County,VA
2917,51101,King William County,VA
2918,51103,Lancaster County,VA
2919,51105,Lee County,VA
2920,51107,Loudoun County,VA
2921,51109,Louisa County,VA
2922,51111,Lunenburg County,VA
2923,51113,Madison County,VA
2924,51115,Mathews County,VA
2925,51117,Mecklenburg County,VA
2926,51119,Middlesex County,VA
2927,51121,Montgomery County,VA
2928,51125,Nelson County,VA
2929,51127,New Kent County,VA
2930,51131,Northampton County,VA
2931,51133,Northumberland County,VA
2932,51135,Nottoway County,VA
2933,51137,Orange County,VA
2934,51139,Page County,VA
2935,51141,Patrick County,VA
2936,51143,Pittsylvania County,VA
2937,51145,Powhatan County,VA
2938,51147,Prince Edward County,VA
2939,51149,Prince George County,VA
2940,51153,Prince William County,VA
2941,51155,Pulaski County,VA
2942,51157,Rappahannock County,VA
2943,51159,Richmond County,VA
2944,51161,Roanoke County,VA
2945,51163,Rockbridge County,VA
2946,51165,Rockingham County,VA
2947,51167,Russell County,VA
2948,51169,Scott County,VA
2949,51171,Shenandoah County,VA
2950,51173,Smyth County,VA
2951,51175,Southampton County,VA
2952,51177,Spotsylvania County,VA
2953,51179,Stafford County,VA
2954,51181,Surry County,VA
2955,51183,Sussex County,VA
2956,51185,Tazewell County,VA
2957,51187,Warren County,VA
2958,51191,Washington County,VA
2959,51193,Westmoreland County,VA
2960,51195,Wise County,VA
2961,51197,Wythe County,VA
2962,51199,York County,VA
2963,51510,Alexandria city,VA
2964,51515,Bedford city,VA
2965,51520,Bristol city,VA
2966,51530,Buena Vista city,VA
2967,51540,Charlottesville city,VA
2968,51550,Chesapeake city,VA
2969,51570,Colonial Heights city,VA
2970,51580,Covington city,VA
2971,51590,Danville city,VA
2972,51595,Emporia city,VA
2973,51600,Fairfax city,VA
2974,51610,Falls Church city,VA
2975,51620,Franklin city,VA
2976,51630,Fredericksburg city,VA
2977,51640,Galax city,VA
2978,51650,Hampton city,VA
2979,51660,Harrisonburg city,VA
2980,51670,Hopewell city,VA
2981,51678,Lexington city,VA
2982,51680,Lynchburg city,VA
2983,51683,Manassas city,VA
2984,51685,Manassas Park city,VA
2985,51690,Martinsville city,VA
2986,51700,Newport News city,VA
2987,51710,Norfolk city,VA
2988,51720,Norton city,VA
2989,51730,Petersburg city,VA
2990,51735,Poquoson city,VA
2991,51740,Portsmouth city,VA
2992,51750,Radford city,VA
2993,51760,Richmond city,VA
2994,51770,Roanoke city,VA
2995,51775,Salem city,VA
2996,51790,Staunton city,VA
2997,51800,Suffolk city,VA
2998,51810,Virginia Beach city,VA
2999,51820,Waynesboro city,VA
3000,51830,Williamsburg city,VA
3001,51840,Winchester city,VA
3002,53000,WASHINGTON,
3003,53001,Adams County,WA
3004,53003,Asotin County,WA
3005,53005,Benton County,WA
3006,53007,Chelan County,WA
3007,53009,Clallam County,WA
3008,53011,Clark County,WA
3009,53013,Columbia County,WA
3010,53015,Cowlitz County,WA
3011,53017,Douglas County,WA
3012,53019,Ferry County,WA
3013,53021,Franklin County,WA
3014,53023,Garfield County,WA
3015,53025,Grant County,WA
3016,53027,Grays Harbor County,WA
3017,53029,Island County,WA
3018,53031,Jefferson County,WA
3019,53033,King County,WA
3020,53035,Kitsap County,WA
3021,53037,Kittitas County,WA
3022,53039,Klickitat County,WA
3023,53041,Lewis County,WA
3024,53043,Lincoln County,WA
3025,53045,Mason County,WA
3026,53047,Okanogan County,WA
3027,53049,Pacific County,WA
3028,53051,Pend Oreille County,WA
3029,53053,Pierce County,WA
3030,53055,San Juan County,WA
3031,53057,Skagit County,WA
3032,53059,Skamania County,WA
3033,53061,Snohomish County,WA
3034,53063,Spokane County,WA
3035,53065,Stevens County,WA
3036,53067,Thurston County,WA
3037,53069,Wahkiakum County,WA
3038,53071,Walla Walla County,WA
3039,53073,Whatcom County,WA
3040,53075,Whitman County,WA
3041,53077,Yakima County,WA
3042,54000,WEST VIRGINIA,
3043,54001,Barbour County,WV
3044,54003,Berkeley County,WV
3045,54005,Boone County,WV
3046,54007,Braxton County,WV
3047,54009,Brooke County,WV
3048,54011,Cabell County,WV
3049,54013,Calhoun County,WV
3050,54015,Clay County,WV
3051,54017,Doddridge County,WV
3052,54019,Fayette County,WV
3053,54021,Gilmer County,WV
3054,54023,Grant County,WV
3055,54025,Greenbrier County,WV
3056,54027,Hampshire County,WV
3057,54029,Hancock County,WV
3058,54031,Hardy County,WV
3059,54033,Harrison County,WV
3060,54035,Jackson County,WV
3061,54037,Jefferson County,WV
3062,54039,Kanawha County,WV
3063,54041,Lewis County,WV
3064,54043,Lincoln County,WV
3065,54045,Logan County,WV
3066,54047,McDowell County,WV
3067,54049,Marion County,WV
3068,54051,Marshall County,WV
3069,54053,Mason County,WV
3070,54055,Mercer County,WV
3071,54057,Mineral County,WV
3072,54059,Mingo County,WV
3073,54061,Monongalia County,WV
3074,54063,Monroe County,WV
3075,54065,Morgan County,WV
3076,54067,Nicholas County,WV
3077,54069,Ohio County,WV
3078,54071,Pendleton County,WV
3079,54073,Pleasants County,WV
3080,54075,Pocahontas County,WV
3081,54077,Preston County,WV
3082,54079,Putnam County,WV
3083,54081,Raleigh County,WV
3084,54083,Randolph County,WV
3085,54085,Ritchie County,WV
3086,54087,Roane County,WV
3087,54089,Summers County,WV
3088,54091,Taylor County,WV
3089,54093,Tucker County,WV
3090,54095,Tyler County,WV
3091,54097,Upshur County,WV
3092,54099,Wayne County,WV
3093,54101,Webster County,WV
3094,54103,Wetzel County,WV
3095,54105,Wirt County,WV
3096,54107,Wood County,WV
3097,54109,Wyoming County,WV
3098,55000,WISCONSIN,
3099,55001,Adams County,WI
3100,55003,Ashland County,WI
3101,55005,Barron County,WI
3102,55007,Bayfield County,WI
3103,55009,Brown County,WI
3104,55011,Buffalo County,WI
3105,55013,Burnett County,WI
3106,55015,Calumet County,WI
3107,55017,Chippewa County,WI
3108,55019,Clark County,WI
3109,55021,Columbia County,WI
3110,55023,Crawford County,WI
3111,55025,Dane County,WI
3112,55027,Dodge County,WI
3113,55029,Door County,WI
3114,55031,Douglas County,WI
3115,55033,Dunn County,WI
3116,55035,Eau Claire County,WI
3117,55037,Florence County,WI
3118,55039,Fond du Lac County,WI
3119,55041,Forest County,WI
3120,55043,Grant County,WI
3121,55045,Green County,WI
3122,55047,Green Lake County,WI
3123,55049,Iowa County,WI
3124,55051,Iron County,WI
3125,55053,Jackson County,WI
3126,55055,Jefferson County,WI
3127,55057,Juneau County,WI
3128,55059,Kenosha County,WI
3129,55061,Kewaunee County,WI
3130,55063,La Crosse County,WI
3131,55065,Lafayette County,WI
3132,55067,Langlade County,WI
3133,55069,Lincoln County,WI
3134,55071,Manitowoc County,WI
3135,55073,Marathon County,WI
3136,55075,Marinette County,WI
3137,55077,Marquette County,WI
3138,55078,Menominee County,WI
3139,55079,Milwaukee County,WI
3140,55081,Monroe County,WI
3141,55083,Oconto County,WI
3142,55085,Oneida County,WI
3143,55087,Outagamie County,WI
3144,55089,Ozaukee County,WI
3145,55091,Pepin County,WI
3146,55093,Pierce County,WI
3147,55095,Polk County,WI
3148,55097,Portage County,WI
3149,55099,Price County,WI
3150,55101,Racine County,WI
3151,55103,Richland County,WI
3152,55105,Rock County,WI
3153,55107,Rusk County,WI
3154,55109,St. Croix County,WI
3155,55111,Sauk County,WI
3156,55113,Sawyer County,WI
3157,55115,Shawano County,WI
3158,55117,Sheboygan County,WI
3159,55119,Taylor County,WI
3160,55121,Trempealeau County,WI
3161,55123,Vernon County,WI
3162,55125,Vilas County,WI
3163,55127,Walworth County,WI
3164,55129,Washburn County,WI
3165,55131,Washington County,WI
3166,55133,Waukesha County,WI
3167,55135,Waupaca County,WI
3168,55137,Waushara County,WI
3169,55139,Winnebago County,WI
3170,55141,Wood County,WI
3171,56000,WYOMING,
3172,56001,Albany County,WY
3173,56003,Big Horn County,WY
3174,56005,Campbell County,WY
3175,56007,Carbon County,WY
3176,56009,Converse County,WY
3177,56011,Crook County,WY
3178,56013,Fremont County,WY
3179,56015,Goshen County,WY
3180,56017,Hot Springs County,WY
3181,56019,Johnson County,WY
3182,56021,Laramie County,WY
3183,56023,Lincoln County,WY
3184,56025,Natrona County,WY
3185,56027,Niobrara County,WY
3186,56029,Park County,WY
3187,56031,Platte County,WY
3188,56033,Sheridan County,WY
3189,56035,Sublette County,WY
3190,56037,Sweetwater County,WY
3191,56039,Teton County,WY
3192,56041,Uinta County,WY
3193,56043,Washakie County,WY
3194,56045,Weston County,WY
